school;sex;age;address;famsize;Pstatus;Medu;Fedu;Mjob;Fjob;reason;guardian;traveltime;studytime;failures;schoolsup;famsup;paid;activities;nursery;higher;internet;romantic;famrel;freetime;goout;Dalc;Walc;health;absences;G1;G2;G3;Passed;FAC1_1;FAC2_1;FAC3_1;FAC4_1;FAC5_1;FAC6_1;FAC7_1
GP;F;18;U;GT3;A;4;4;at_home;teacher;course;mother;2;2;0;yes;no;no;no;yes;yes;no;no;4;3;4;1;1;3;6;5;6;6;       0;-,388578319965331;1,47885183772925;,399680335246366;,0924544594592494;-,114643686721158;-,669592944593683;,867880401718798
GP;F;17;U;GT3;T;1;1;at_home;other;course;father;1;2;0;no;yes;no;no;no;yes;yes;no;5;3;3;1;1;3;4;5;5;6;       0;-,848895611055262;-1,6709768851056;,918803730769188;,0636830433094765;,108658626894585;-,318823943031446;-,550771796828359
GP;F;15;U;LE3;T;1;1;at_home;other;other;mother;1;2;3;yes;no;yes;no;yes;yes;yes;no;4;3;2;2;3;3;10;7;8;10;       1;,0320455174069317;-1,73232822737134;-,445012013427195;-,148268337121063;,781269036840709;-,00743815739968363;-,589839968320379
GP;F;15;U;GT3;T;4;2;health;services;home;mother;1;3;0;no;yes;yes;yes;yes;yes;yes;yes;3;2;2;1;1;5;2;15;14;15;       1;-,899936224691182;,343967043919121;-1,35649914052917;1,17836852862727;-,286422673728758;1,12334475857588;-,487169847004498
GP;F;16;U;GT3;T;3;3;other;other;home;father;1;2;0;no;yes;yes;no;yes;yes;no;no;4;3;2;1;2;5;4;6;10;10;       1;-,73627249104551;,348291972157245;-,246657706701021;-,182545098778807;-,100817339069018;1,20934078892038;-,482837883190195
GP;M;16;U;LE3;T;4;3;services;other;reputation;mother;1;2;0;no;yes;yes;yes;yes;yes;yes;no;5;4;2;1;2;5;10;15;15;15;       1;-,722868311429124;,804480009094135;1,11107061201408;-,367996559433697;,588356016682338;1,11069186905206;-,544222229933255
GP;M;16;U;LE3;T;2;2;other;other;home;mother;1;2;0;no;no;no;no;yes;yes;yes;no;4;4;4;1;1;3;0;12;12;11;       1;-,242442454435233;-,674962213233052;,639358099172635;-,122578334268896;-,892877161450249;-,732848948142801;-,945547344738662
GP;F;17;U;GT3;A;4;4;other;teacher;home;mother;2;2;0;yes;yes;no;no;yes;yes;no;no;4;1;4;1;1;1;6;6;5;6;       0;-,679506464798558;1,54579994867961;-,457639753431165;,59196729651799;,382494543896325;-1,73170947557911;1,45551921912545
GP;M;15;U;LE3;A;3;2;services;other;home;mother;1;2;0;no;yes;yes;no;yes;yes;yes;no;4;2;2;1;1;1;0;16;18;19;       1;-1,22981656637409;-,118532018389869;-,619170232290121;,00370882884625006;-,250556040104939;-1,45843511603335;-,152651077801182
GP;M;15;U;GT3;T;3;4;other;other;home;mother;1;2;0;no;yes;yes;yes;yes;yes;yes;no;5;5;1;1;1;5;0;14;15;15;       1;-1,29600398340023;,847209967946972;1,26455221808851;-,928158616845442;-,889603180897429;1,21779241155596;-,632353225137145
GP;F;15;U;GT3;T;4;4;teacher;health;reputation;mother;1;2;0;no;yes;yes;no;yes;yes;yes;no;3;3;3;1;2;2;0;10;8;9;       0;-,297409065852609;1,37195432710509;-,98167884133683;-,184748132369786;-,823892958600026;-1,08939898915826;-,513319112216548
GP;F;15;U;GT3;T;2;1;services;other;reputation;father;3;3;0;no;yes;no;yes;yes;yes;yes;no;5;2;2;1;1;4;4;10;12;12;       1;-1,15425672686343;-,987014831377277;,58600055463045;1,32410621245277;,215547993759747;,512476309520262;2,50257758084317
GP;M;15;U;LE3;T;4;4;health;services;course;father;1;1;0;no;yes;yes;yes;yes;yes;yes;no;4;3;3;1;3;5;2;14;14;14;       1;-,210518210214273;1,39559022522428;-,197205386311694;-1,08592770508064;-,360419729449281;1,07992767814793;-,392889136298858
GP;M;15;U;GT3;T;4;3;teacher;other;course;mother;2;2;0;no;yes;yes;no;yes;yes;yes;no;5;4;3;1;2;3;2;10;10;11;       1;-,385825888800342;,923864928480873;1,32399647354066;-,206752191072215;-,462467049206083;-,484511087490846;,864931031248241
GP;M;15;U;GT3;A;2;2;other;other;home;other;1;3;0;no;yes;no;no;yes;yes;yes;yes;4;5;2;1;1;3;0;14;16;16;       1;-,662669625668692;-,748045193390095;,649268267526463;,307715946967686;-1,04678340306032;-,46971776335762;-1,05848030214078
GP;F;16;U;GT3;T;4;4;health;other;home;mother;1;1;0;no;yes;no;no;yes;yes;yes;no;4;4;4;1;2;2;4;14;14;14;       1;-,0891852778769135;1,36676950373135;,52609155575462;-1,30289257068402;-,412211609083341;-1,36150713668066;-,663819885495436
GP;F;16;U;GT3;T;4;4;services;services;reputation;mother;1;3;0;no;yes;yes;yes;yes;yes;yes;no;3;2;3;1;2;2;6;13;14;14;       1;-,282685650883859;1,35868033341916;-1,31068320935902;1,19202288566577;,0745292001419203;-,935210280146714;-,31739590716825
GP;F;16;U;GT3;T;3;3;other;other;reputation;mother;3;2;0;yes;yes;no;yes;yes;yes;no;no;5;3;2;1;1;4;4;8;10;10;       1;-1,19486686867294;,555500173083372;,948453614216837;-,149501308664967;-,0845808519768036;,401567620720698;2,45791223903651
GP;M;17;U;GT3;T;3;2;services;services;course;mother;1;1;3;no;yes;no;yes;yes;yes;yes;no;5;5;5;2;4;5;16;6;5;5;       0;1,43184118886063;-,256348440539832;1,84961830476271;-1,0606752876987;1,06096083121944;,588333233168829;-1,06968497790848
GP;M;16;U;LE3;T;4;3;health;other;home;father;1;1;0;no;no;yes;yes;yes;yes;yes;no;3;1;3;1;3;5;4;8;10;10;       1;-,33459823047234;,917933873604725;-1,82835849547144;-,563426646421919;,216002893889375;1,19856376528194;-,167604809847225
GP;M;15;U;GT3;T;4;3;teacher;other;reputation;mother;1;2;0;no;no;no;no;yes;yes;yes;no;4;4;1;1;1;1;0;13;14;15;       1;-1,32191249973011;,830069942830123;-,00726401907701062;-,787481666937951;-,699649429478747;-1,54774788518752;-,469840929516327
GP;M;15;U;GT3;T;4;4;health;health;other;father;1;1;0;no;yes;yes;no;yes;yes;yes;no;5;4;2;1;1;5;0;12;15;15;       1;-1,22007831546548;1,41530718079374;1,06456021259655;-1,53199415509708;-,651557751067743;1,10327237941581;-,396600291467351
GP;M;16;U;LE3;T;4;2;teacher;other;course;mother;1;2;0;no;no;no;yes;yes;yes;yes;no;4;5;1;1;3;5;2;15;15;16;       1;-,463150306776322;,233395579631088;,284740256282253;-,833362225307574;-,615978758653504;1,09005676530865;-,918712205800431
GP;M;16;U;LE3;T;2;2;other;other;reputation;mother;2;2;0;no;yes;no;yes;yes;yes;yes;no;5;4;4;2;4;5;0;13;13;12;       1;1,09485112705411;-,599952301082736;1,15560421844849;,159766533007001;-,67239934272452;,973624711663775;,690752217577532
GP;F;15;R;GT3;T;2;4;services;health;course;mother;1;3;0;yes;yes;yes;yes;yes;yes;yes;no;4;3;2;1;1;5;2;10;9;8;       0;-,942718902770586;,375270154630084;-,187974968899405;,827713942553928;-,505675204329703;1,27449615286496;-,471960746025375
GP;F;16;U;GT3;T;2;2;services;services;home;mother;1;1;2;no;yes;yes;no;no;yes;yes;no;1;2;2;1;3;5;14;6;9;8;       0;-,295715212724017;-,723607532372541;-3,22704797883232;-1,25396388068899;,856766156646101;1,00249334771337;-,974552176761028
GP;M;15;U;GT3;T;2;2;other;other;home;mother;1;1;0;no;yes;yes;no;yes;yes;yes;no;4;2;2;1;2;5;2;12;12;11;       1;-1,01140167352446;-,608588007155671;-,694527769334486;-,979878710397905;-,0176566537582543;1,31595470527077;-,308088962093071
GP;M;15;U;GT3;T;4;2;health;services;other;mother;1;1;0;no;no;yes;no;yes;yes;yes;no;2;2;4;2;4;1;4;15;16;15;       1;1,02606885462748;,3360582865264;-2,33510841808797;-,748931840751443;-,0861828554145893;-1,81699007430782;-,544047430286133
GP;M;16;U;LE3;A;3;4;services;other;home;mother;1;2;0;yes;yes;no;yes;yes;yes;yes;no;5;3;3;1;1;5;4;11;11;11;       1;-,860874778668382;,915028885909065;,902558587610215;,0243524561731341;-,0729976566307585;1,11706461290336;-,309019463270288
GP;M;16;U;GT3;T;4;4;teacher;teacher;home;mother;1;2;0;no;yes;yes;yes;yes;yes;yes;yes;4;4;5;5;5;5;16;10;12;11;       1;3,20677725863456;1,33834665908418;,0256080838400578;,303889174329444;1,05317872011747;1,15633727083553;-,575091489282534
GP;M;15;U;GT3;T;4;4;health;services;home;mother;1;2;0;no;yes;yes;no;no;yes;yes;no;5;4;2;3;4;5;0;9;11;12;       1;,808371089955621;1,3769981865865;,456418256744531;-,259288184806805;-,537750035006675;1,58565648192298;-,192622218739892
GP;M;15;U;GT3;T;4;4;services;services;reputation;mother;2;2;0;no;yes;no;yes;yes;yes;yes;no;4;3;1;1;1;5;0;17;16;17;       1;-1,42235019678666;1,49211155821136;-,276020705301264;-,422797708125561;-,668572260957647;1,27246522559351;1,08815070957694
GP;M;15;R;GT3;T;4;3;teacher;at_home;course;mother;1;2;0;no;yes;no;yes;yes;yes;yes;yes;4;5;2;1;1;5;0;17;16;16;       1;-,791115474990796;,810867594751674;,672895618959588;-,739006556725821;-1,05409882755332;,825875931067215;-,95181017675374
GP;M;15;U;LE3;T;3;3;other;other;course;mother;1;2;0;no;no;no;yes;no;yes;yes;no;5;3;2;1;1;2;0;8;10;12;       1;-1,22925357805177;,390414829613773;,633317385333626;-,209372072960732;-,372577725554591;-,762687638306538;-,169068505146546
GP;M;16;U;GT3;T;3;2;other;other;home;mother;1;1;0;no;yes;yes;no;no;yes;yes;no;5;4;3;1;1;5;0;12;14;15;       1;-,842582980406723;-,132431475657008;1,31147520898628;-1,25357624374518;-,603726138325312;,847429117390888;-,673728426221458
GP;F;15;U;GT3;T;2;3;other;other;other;father;2;1;0;no;yes;no;yes;yes;yes;no;no;3;5;1;1;1;5;0;8;7;6;       0;-1,17399306135514;-,0985451507028275;-,328493450286642;-2,18923902716963;-1,26618778128166;,86178940034979;,232045765299309
GP;M;15;U;LE3;T;4;3;teacher;services;home;mother;1;3;0;no;yes;no;yes;yes;yes;yes;no;5;4;3;1;1;4;2;15;16;18;       1;-,563257356875353;,832291118242963;1,34764589194048;,905782357297301;-,480687766397625;,242819687677864;-,573883888930661
GP;M;16;R;GT3;A;4;4;other;teacher;reputation;mother;2;3;0;no;yes;no;yes;yes;yes;yes;yes;2;4;3;1;1;5;7;15;16;15;       1;-,178016341217643;1,38100502982689;-1,04531639082264;,606886376274916;-,626688906982075;,533021883567401;,19430045693519
GP;F;15;R;GT3;T;3;4;services;health;course;mother;1;3;0;yes;yes;yes;yes;yes;yes;yes;no;4;3;2;1;1;5;2;12;12;11;       1;-,934875942262364;,875816536116708;-,166930400390438;,853857102467403;-,482579718618298;1,23518809506015;-,431578243020855
GP;F;15;R;GT3;T;2;2;at_home;other;reputation;mother;1;1;0;yes;yes;yes;yes;yes;yes;no;no;4;3;1;1;1;2;8;14;13;13;       1;-1,59471490586024;-,664492889224342;-,347325450357809;-1,60828108229756;,524084623794799;-,766071042900222;-,44309996359622
GP;F;16;U;LE3;T;2;2;other;other;home;mother;2;2;1;no;yes;no;yes;no;yes;yes;yes;3;3;3;1;2;3;25;7;10;11;       1;-,264761913510488;-,691434400040581;-,543957122485367;-,171617282237474;2,11669838270958;-,630356140306838;,39860570209048
GP;M;15;U;LE3;T;4;4;teacher;other;home;other;1;1;0;no;yes;no;no;no;yes;yes;yes;5;4;3;2;4;5;8;12;12;12;       1;,568514621202168;1,35428503475303;,884058211328259;-1,23203481530036;,364905005200039;1,21072440237231;-,393627018612459
GP;M;15;U;GT3;T;4;4;services;teacher;course;father;1;2;0;no;yes;no;yes;yes;yes;yes;no;4;3;3;1;1;5;2;19;18;18;       1;-,724549031416253;1,40752650728835;,048279909106124;-,0325838915845969;-,478157877344812;,974898074675435;-,454407262964077
GP;M;15;U;GT3;T;2;2;services;services;course;father;1;1;0;yes;yes;no;no;yes;yes;yes;no;5;4;1;1;1;1;0;8;8;11;       1;-1,59896618654983;-,655694899537203;,814346911782135;-1,81048438659968;-,44495211201013;-1,44473741885378;-,408286162338431
GP;F;16;U;LE3;T;2;2;other;at_home;course;father;2;2;1;yes;no;no;yes;yes;yes;yes;no;4;3;3;2;2;5;14;10;10;9;       0;,0716679241715702;-,603657697287438;,0671096343763563;,052408617052807;1,00442716077196;1,0006456573642;,687888370074083
GP;F;15;U;LE3;A;4;3;other;other;course;mother;1;2;0;yes;yes;yes;yes;yes;yes;yes;yes;5;2;2;1;1;5;8;8;8;6;       0;-1,3233378460577;,904048285411452;,371849203313922;,173786309687644;,782196272796773;1,34140034486095;-,0337268114656902
GP;F;16;U;LE3;A;3;3;other;services;home;mother;1;2;0;no;yes;no;no;yes;yes;yes;no;2;3;5;1;4;3;12;11;12;11;       1;1,21762043834573;,257337214035342;-1,48089050863099;,207369802202739;,37913654039783;-,824986017873585;-1,07578941834446
GP;M;16;U;GT3;T;4;3;health;services;reputation;mother;1;4;0;no;no;no;yes;yes;yes;yes;no;4;2;2;1;1;2;4;19;19;20;       1;-,92854390236185;,844007016419014;-,53300499653315;2,2227311682111;,0783141544030113;-,717602715392839;-,137759050107445
GP;M;15;U;GT3;T;4;2;teacher;other;home;mother;1;2;0;no;yes;yes;no;yes;yes;no;no;4;3;3;2;2;5;2;15;15;14;       1;,0821164126520776;,357855237605822;-,150307084208458;,137780273100892;-,286940211773395;1,05780355158344;-,507686454016531
GP;F;15;U;GT3;T;4;4;services;teacher;other;father;1;2;1;yes;yes;no;yes;no;yes;yes;no;4;4;4;1;1;3;2;7;7;7;       0;-,260128983708485;1,37084504201024;,647693171041248;-,181203004998398;-,74293411490414;-,712447631493552;-,724951779659623
GP;F;16;U;LE3;T;2;2;services;services;course;mother;3;2;0;no;yes;yes;no;yes;yes;yes;no;4;3;3;2;3;4;2;12;13;13;       1;,399831616893478;-,489655738991809;-,0780536839776318;,0883486568949356;-,434059436618866;,355665697051784;2,1943429364362
GP;F;15;U;LE3;T;4;2;health;other;other;mother;1;2;0;no;yes;yes;no;yes;yes;yes;no;4;3;3;1;1;5;2;11;13;13;       1;-,6913551996562;,354802083527331;,105113068357723;,0722927627522494;-,346187076382765;,867665965295544;-,608715421450512
GP;M;15;U;LE3;A;4;2;health;health;other;father;2;1;1;no;no;no;no;yes;yes;no;no;5;5;5;3;4;5;6;11;11;10;       1;1,88851233070364;,393724030982083;1,73514085656235;-,965214633941041;-,149774156343042;,624704022353181;,486173828035577
GP;F;15;U;GT3;T;4;4;services;services;course;mother;1;1;0;yes;yes;yes;no;yes;yes;yes;no;3;3;4;2;3;5;0;8;10;11;       1;,711734985309329;1,41491062946843;-1,00256006486468;-,933297664173653;-,828156318686201;,910241395761585;-,581214033001245
GP;F;15;U;LE3;A;3;3;other;other;other;mother;1;1;0;no;no;yes;no;yes;yes;yes;no;5;3;4;4;4;1;6;10;13;13;       1;1,63419098792369;,409327049658303;,328128627226363;-,77676132488155;,447559676335967;-1,30264833757299;-,0198259422144997
GP;F;16;U;GT3;A;2;1;other;other;other;mother;1;2;0;no;no;yes;yes;yes;yes;yes;yes;5;3;4;1;1;2;8;8;9;10;       1;-,500328253304657;-1,18383140400397;1,18367516377956;,244592910441286;,557101689021013;-1,23930881926545;-,586544510829553
GP;F;15;U;GT3;A;4;3;services;services;reputation;mother;1;2;0;no;yes;yes;yes;yes;yes;yes;no;4;3;2;1;1;1;0;14;15;15;       1;-1,10416927883454;,871989333302144;-,211339928418434;-,305191794209057;-,527069543430757;-1,58989710739279;-,293696449166461
GP;M;15;U;GT3;T;4;4;teacher;health;reputation;mother;1;2;0;no;yes;no;yes;yes;yes;no;no;3;2;2;1;1;5;4;14;15;15;       1;-1,08296918844992;1,41431297707729;-1,407213870338;-,0448110328231907;-,140300540535169;1,18929943870465;-,328113337619093
GP;M;15;U;LE3;T;1;2;other;at_home;home;father;1;2;0;yes;yes;no;yes;yes;yes;yes;no;4;3;2;1;1;5;2;9;10;9;       0;-1,06702854498779;-1,15236920972944;-,169147042816274;-,205821133916711;-,354429831008771;1,17350934915979;-,647425457200923
GP;F;16;U;GT3;T;4;2;services;other;course;mother;1;2;0;no;yes;no;no;yes;yes;yes;no;4;2;3;1;1;5;2;15;16;16;       1;-,825756442567557;,391189325202452;-,310089246630797;,354898218552608;-,112563487826565;1,01343595354012;-,350133467837495
GP;F;16;R;GT3;T;4;4;health;teacher;other;mother;1;2;0;no;yes;no;yes;yes;yes;no;no;2;4;4;2;3;4;6;10;11;11;       1;1,1125022248098;1,30989027463401;-1,36686168517085;-,243700438900619;-,574568640644226;-,0150112829974625;-1,06746518220342
GP;F;16;U;GT3;T;1;1;services;services;course;father;4;1;0;yes;yes;no;yes;no;yes;yes;yes;5;5;5;5;5;5;6;10;8;11;       1;3,10929620976764;-1,43410832167356;1,54590832288621;-,88345178232174;-,225823353777936;,827269241646887;3,19519493966841
GP;F;16;U;LE3;T;1;2;other;services;reputation;father;1;2;0;yes;no;no;yes;yes;yes;yes;no;4;4;3;1;1;1;4;8;10;9;       0;-,624912774820183;-1,20288697889841;,426429854520635;-,426172658092094;-,353592138977669;-1,87570754160481;-,861972663132283
GP;F;16;U;GT3;T;4;3;teacher;health;home;mother;1;3;0;yes;yes;yes;yes;yes;yes;yes;no;3;4;4;2;4;4;2;10;9;9;       0;1,48265839033939;,771191314969534;-,629660791558484;1,05165135419082;-,792182175151452;,160984104030189;-,913496022639515
GP;F;15;U;LE3;T;4;3;services;services;reputation;father;1;2;0;yes;no;no;yes;yes;yes;yes;yes;4;4;4;2;4;2;0;10;10;10;       1;1,18274666817522;,815065006547054;,155628143890027;-,0311671111347496;-,763111109321311;-1,10644732090927;-,609069660612301
GP;F;16;U;LE3;T;4;3;teacher;services;course;mother;3;2;0;no;yes;no;yes;yes;yes;yes;no;5;4;3;1;2;1;2;16;15;15;       1;-,401642404097059;1,00567797310682;1,41811230582925;-,269329584517693;-,50935490824491;-1,92465354206805;2,29861136802714
GP;M;15;U;GT3;A;4;4;other;services;reputation;mother;1;4;0;no;yes;no;yes;no;yes;yes;yes;1;3;3;5;5;3;4;13;13;12;       1;3,03126667185756;1,30646386314028;-3,50004819517015;2,11482934916398;-,637895096477825;,106483266859107;-,633489689439026
GP;F;16;U;GT3;T;3;1;services;other;course;mother;1;4;0;yes;yes;yes;no;yes;yes;yes;no;4;3;3;1;2;5;4;7;7;6;       0;-,0516131685404569;-,750163184583126;,0552231875166763;2,34655311427459;-,114630356755763;,980314973350812;-,758035415570597
GP;F;15;R;LE3;T;2;2;health;services;reputation;mother;2;2;0;yes;yes;yes;no;yes;yes;yes;no;4;1;3;1;3;4;2;8;9;8;       0;-,316905957615801;-,526357688221987;-,888331767756731;,614413755749493;,0884038333406952;,612600212156955;1,26841853780488
GP;F;15;R;LE3;T;3;1;other;other;reputation;father;2;4;0;no;yes;no;no;no;yes;yes;no;4;4;2;2;3;3;12;16;16;16;       1;,487584233456961;-,739256102314607;,19031115298962;1,84303601357044;,668040267108173;-,260399381217376;,542619010626671
GP;M;16;U;GT3;T;3;1;other;other;reputation;father;2;4;0;no;yes;yes;no;yes;yes;yes;no;4;3;2;1;1;5;0;13;15;15;       1;-,728936918909808;-,633252191896146;,0332322000332652;2,13259567218279;-,639495363874774;1,0291314131388;,695416594948801
GP;M;15;U;GT3;T;4;2;other;other;course;mother;1;4;0;no;no;no;no;yes;yes;yes;no;3;3;3;1;1;3;0;10;10;10;       1;-,285677044984734;,289664069243862;-,763204308036826;2,14805232232709;-,829291845443722;-,522723518341995;-,762462714599015
GP;F;15;R;GT3;T;1;1;other;other;reputation;mother;1;2;2;yes;yes;no;no;no;yes;yes;yes;3;3;4;2;4;5;2;8;6;5;       0;1,21932441369964;-1,71824038448817;-1,05466658813156;,281284450964578;-,468449711449672;,96121165791649;-,946381241301398
GP;M;16;U;GT3;T;3;1;other;other;reputation;mother;1;1;0;no;no;no;yes;yes;yes;no;no;5;3;2;2;2;5;2;12;12;14;       1;-,539238777466345;-,632895372071779;,481222009512559;-1,05876370357589;,0518962939148377;1,30942517056222;-,323311710570963
GP;F;16;U;GT3;T;3;3;other;services;home;mother;1;2;0;yes;yes;yes;yes;yes;yes;yes;no;4;3;3;2;4;5;54;11;12;11;       1;,71672378916412;,137845126282189;,171763583557678;-,038769198292792;5,82814177007841;1,07523841453384;-,805040286255385
GP;M;15;U;GT3;T;4;3;teacher;other;home;mother;1;2;0;no;yes;yes;yes;yes;yes;yes;no;4;3;3;2;3;5;6;9;9;10;       1;,397007927048273;,849413725028285;-,24682779100886;,10273565219224;,156204184828893;1,16403642983261;-,438341485431282
GP;M;15;U;GT3;T;4;0;teacher;other;course;mother;2;4;0;no;no;no;yes;yes;yes;yes;no;3;4;3;1;1;1;8;11;11;10;       1;-,134612959728615;-,749674277530234;-,104736625099007;1,88360878253967;-,0349409877353196;-2,24872677902781;,200417112414686
GP;F;16;U;GT3;T;2;2;other;other;reputation;mother;1;4;0;no;no;yes;no;yes;yes;yes;yes;5;2;3;1;3;3;0;11;11;11;       1;-,0286812106700451;-,680491791809847;,255467915019966;2,61552390348008;-,181425477804867;,0619012562030784;-,141857786415735
GP;M;17;U;GT3;T;2;1;other;other;home;mother;2;1;3;yes;yes;no;yes;yes;no;yes;no;4;5;1;1;1;3;2;8;8;10;       1;-1,29140767534951;-1,1490471867564;,576747497277524;-2,06698093970355;-,676070220389067;-,496240736081554;,333982819691807
GP;F;16;U;GT3;T;3;4;at_home;other;course;mother;1;2;0;no;yes;no;no;yes;yes;yes;no;2;4;3;1;2;3;12;5;5;5;       0;-,032555496907814;,773815609599135;-1,28783295380415;-,585967572021078;,126246866551788;-,679393886131115;-1,13463452253777
GP;M;15;U;GT3;T;2;3;other;services;course;father;1;1;0;yes;yes;yes;yes;no;yes;yes;yes;3;2;2;1;3;3;2;10;12;12;       1;-,589974412865225;-,122894720749455;-1,71636627595072;-1,15766657730013;-,208599786161688;-,0261127272567249;-,339561786609073
GP;M;15;U;GT3;T;2;3;other;other;home;mother;1;3;0;yes;no;yes;no;no;yes;yes;no;5;3;2;1;2;5;4;11;10;11;       1;-,722759106298958;-,161827158619193;,601502542360294;,99269415609254;,0262499474893992;1,39278475639942;-,342198434395377
GP;F;15;U;LE3;T;3;2;services;other;reputation;mother;1;2;0;no;yes;yes;no;yes;yes;yes;no;4;4;4;1;1;5;10;7;6;6;       0;-,213366927564713;-,20863911680141;,802713596893482;-,0609087809114726;,278941651182802;,540426115921792;-1,04802774899695
GP;M;15;U;LE3;T;2;2;services;services;home;mother;2;2;0;no;no;yes;yes;yes;yes;yes;no;5;3;3;1;3;4;4;15;15;15;       1;-,176586258536995;-,591083411464895;,817396109233366;,132282351819982;,0494123626537539;,423918716090929;,937024933277157
GP;F;15;U;GT3;T;1;1;other;other;home;father;1;2;0;no;yes;no;yes;no;yes;yes;no;4;3;2;2;3;4;2;9;10;10;       1;,043822821030762;-1,6973753152075;-,52387066048606;-,091281954971651;-,176567994253216;,702248804821747;-,567167025744943
GP;F;15;U;GT3;T;4;4;services;services;reputation;father;2;2;2;no;no;yes;no;yes;yes;yes;yes;4;4;4;2;3;5;6;7;9;8;       0;,873265861600326;1,4325602610564;,472115640990038;-,0295030327515073;-,281227419260452;,797477338725506;,660998593534044
GP;F;16;U;LE3;T;2;2;at_home;other;course;mother;1;2;0;no;yes;no;no;yes;yes;no;no;4;3;4;1;2;2;4;8;7;6;       0;-,0564180965756251;-,676291882215921;,142593927659267;,144571790520246;-,135178249058196;-1,2112903900763;-,659537046693303
GP;F;15;U;GT3;T;4;2;other;other;reputation;mother;1;3;0;no;yes;no;yes;yes;yes;yes;no;5;3;3;1;3;1;4;13;14;14;       1;-,0507374562810817;,287998934994568;,715041431870982;1,19516944963148;,174848768807809;-1,56563346149783;-,258929072356554
GP;M;16;U;GT3;T;2;2;services;other;reputation;father;2;2;1;no;no;yes;yes;no;yes;yes;no;4;4;2;1;1;3;12;11;10;10;       1;-,941493949513148;-,646446682746863;,476611143481191;-,555032504347101;,566768587534336;-,492784537071973;,495667431887297
GP;M;16;U;LE3;A;4;4;teacher;health;reputation;mother;1;2;0;no;yes;no;no;yes;yes;no;no;4;1;3;3;5;5;18;8;6;7;       0;1,21585409381146;1,38476012391559;-1,33685690394337;,674252108354524;2,06873412749433;1,71908816237467;,191285960148233
GP;F;16;U;GT3;T;3;3;other;other;home;mother;1;3;0;no;yes;yes;no;yes;yes;yes;yes;4;3;3;1;3;4;0;7;7;8;       0;,0866725611199912;,322515495371925;-,192448869328383;1,13808990291094;-,623047280153049;,463131608906698;-,499162564670664
GP;F;15;U;GT3;T;4;3;services;other;reputation;mother;1;1;0;no;no;yes;yes;yes;yes;yes;no;4;5;5;1;3;1;4;16;17;18;       1;,734740182551647;,787855151296573;1,05311681128663;-1,33676194095943;-,588263928001567;-2,35659446600102;-1,0256098483496
GP;F;16;U;LE3;T;3;1;other;other;home;father;1;2;0;yes;yes;no;no;yes;yes;no;no;3;3;3;2;3;2;4;7;6;6;       0;,517653096528239;-,720645398926526;-1,12673563533002;-,000157472868560453;-,1183396260883;-1,03723086337747;-,713090084349614
GP;F;16;U;GT3;T;4;2;teacher;services;home;mother;2;2;0;no;yes;yes;yes;yes;yes;yes;no;5;3;3;1;1;1;0;11;10;10;       1;-,857422923648052;,454857378842671;1,00147850075432;,0391654748752129;-,406373927661742;-1,80684516209105;1,1101653270402
GP;M;15;U;LE3;T;2;2;services;health;reputation;mother;1;4;0;no;yes;no;yes;yes;yes;yes;no;4;3;4;1;1;4;6;11;13;14;       1;-,0669956964921886;-,710954461607155;,340772125160196;2,39931029193165;-,0517705875311351;,13123076673611;-,804087545096083
GP;F;15;R;GT3;T;1;1;at_home;other;home;mother;2;4;1;yes;yes;yes;yes;yes;yes;yes;no;3;1;2;1;1;1;2;7;10;10;       1;-,929551094085375;-1,59729183940821;-1,7222575431712;2,41897593476218;-,115467005429786;-1,42731334437679;1,05803981499585
GP;M;16;R;GT3;T;4;3;services;other;reputation;mother;2;1;0;yes;yes;no;yes;no;yes;yes;no;3;3;3;1;1;4;2;11;15;15;       1;-,73406214658246;,975463275523544;-,684934767199522;-1,21125633537548;-,62416863492498;,013831909471332;,685859587681956
GP;F;16;U;GT3;T;2;1;other;other;course;mother;1;2;0;no;yes;yes;no;yes;yes;no;yes;4;3;5;1;1;5;2;8;9;10;       1;,0138447228212339;-1,16158859373263;,513693322259781;,471813603950793;-,448480052340974;,516827605315528;-,931509453229074
GP;F;16;U;GT3;T;4;4;other;other;reputation;mother;1;1;0;no;no;no;yes;no;yes;yes;no;5;3;4;1;2;1;6;11;14;14;       1;-,363132137037434;1,40829231931386;,972754758428914;-,970056644483444;,264613212650859;-1,78970692175026;-,184230174093798
GP;F;16;U;GT3;T;4;3;other;at_home;course;mother;1;3;0;yes;yes;yes;no;yes;yes;yes;no;5;3;5;1;1;3;0;7;9;8;       0;-,00425388314847183;,884839402802913;1,31815956479363;1,56094194590335;-,58992893219065;-,655862321593489;-,430461827337199
GP;M;16;U;GT3;T;4;4;services;services;other;mother;1;1;0;yes;yes;yes;yes;yes;yes;yes;no;4;5;5;5;5;4;14;7;7;5;       0;3,18063377710127;1,33268760358821;,387312910716553;-1,11779955341631;,641147840298752;,308890953844628;-,764732438073395
GP;M;16;U;GT3;T;4;4;services;teacher;other;father;1;3;0;no;yes;no;yes;yes;yes;yes;yes;4;4;3;1;1;4;0;16;17;17;       1;-,451371486011473;1,35060457001614;,443906065301621;,770264522457672;-,974928873304107;,193577261944688;-,682500112385754
GP;M;15;U;GT3;T;4;4;services;other;course;mother;1;1;0;no;yes;no;yes;no;yes;yes;no;5;3;3;1;1;5;4;10;13;14;       1;-1,0026923316292;1,44120670828381;,906642491459682;-1,0617729548074;-,00753211284906213;1,04469380296848;-,24941100995036
GP;F;15;U;GT3;T;3;2;services;other;home;mother;2;2;0;yes;yes;yes;no;yes;yes;yes;no;4;3;5;1;1;2;26;7;6;6;       0;-,0239319997082641;-,15189931983118;,863928543308624;,277679971344109;2,30536221362727;-1,68441123156625;,481213727890632
GP;M;15;U;GT3;A;3;4;services;other;course;mother;1;2;0;no;yes;yes;yes;yes;yes;yes;no;5;4;4;1;1;1;0;16;18;18;       1;-,418223152911842;,888540911213017;1,42889820264029;-,177896059343432;-,779328592855694;-1,90750824649813;-,480133870952338
GP;F;15;U;GT3;A;3;3;other;health;reputation;father;1;4;0;yes;no;no;no;yes;yes;no;no;4;3;3;1;1;4;10;10;11;11;       1;-,428251352730205;,294402119981133;,168431896600823;2,16126203530896;,437828952378149;,31702861982902;-,633068688418068
GP;F;15;U;GT3;T;2;2;other;other;course;mother;1;4;0;yes;yes;yes;no;yes;yes;yes;no;5;1;2;1;1;3;8;7;8;8;       0;-1,17963272617792;-,644108701943318;-,0500197984482224;2,61538284007552;,980765227775687;,224639390810769;,0989590664448744
GP;M;16;U;GT3;T;3;3;services;other;home;father;1;3;0;no;yes;no;yes;yes;yes;yes;no;5;3;3;1;1;5;2;16;18;18;       1;-,694438730789675;,371045164631404;,924856737793238;1,19509369045517;-,285105190305372;1,10472598746453;-,390921893412476
GP;M;15;R;GT3;T;4;4;other;other;home;father;4;4;0;no;yes;yes;yes;yes;yes;yes;yes;1;3;5;3;5;1;6;10;13;13;       1;2,84892686312711;1,52293607681153;-2,43622220113288;2,37977755224964;-,767830948929049;-2,1328669969173;3,18748319607554
GP;F;16;U;LE3;T;4;4;health;health;other;mother;1;3;0;no;yes;yes;yes;yes;yes;yes;yes;5;4;5;1;1;4;4;14;15;16;       1;,124256036328829;1,3617076962263;1,76456121771115;1,24667852776634;-,433037695809724;-,0876173556529019;-,676082355630184
GP;M;15;U;LE3;A;4;4;teacher;teacher;course;mother;1;1;0;no;no;no;yes;yes;yes;yes;no;5;5;3;1;1;4;6;18;19;19;       1;-,745131293841384;1,35750910724265;1,74666848618875;-1,66586723989871;-,224110887123575;,0681108956210073;-,745815061502519
GP;F;16;R;GT3;T;3;3;services;other;reputation;father;1;3;1;yes;yes;no;yes;yes;yes;yes;no;4;1;2;1;1;2;0;7;10;10;       1;-1,22009138219118;,421499180477583;-1,03237073289469;1,37899356564318;-,140233436852595;-,549158067231469;,128621549649333
GP;F;16;U;GT3;T;2;2;at_home;other;home;mother;1;2;1;yes;no;no;yes;yes;yes;yes;no;3;1;2;1;1;5;6;10;13;13;       1;-1,20004113914731;-,611126899472829;-1,78459306899057;,284350421267459;,414825753645614;1,29823875605791;-,319082147917989
GP;M;15;U;LE3;T;4;2;teacher;other;course;mother;1;1;0;no;no;no;no;yes;yes;yes;no;3;5;2;1;1;3;10;18;19;19;       1;-,818893656024274;,248202102306221;-,0794126071739973;-1,98382039998223;,0702292345896897;-,76660592637672;-1,21189929469786
GP;M;15;R;GT3;T;2;1;health;services;reputation;mother;1;2;0;no;no;no;yes;yes;yes;yes;yes;5;4;2;1;1;5;8;9;9;9;       0;-1,03702744949138;-1,22254338467306;1,21699785552462;-,338834267403177;,400728925223609;1,02124437460152;-,7859638831872
GP;M;16;U;GT3;T;4;4;teacher;teacher;course;father;1;2;0;no;yes;no;yes;yes;yes;yes;no;5;4;4;1;2;5;2;15;15;16;       1;-,0344618255767252;1,37394624453234;1,41259046727336;,00307129213337363;-,54260829315649;,82132821132647;-,574032699550593
GP;M;15;U;GT3;T;4;4;other;teacher;reputation;father;2;2;0;no;yes;no;yes;yes;yes;no;no;4;4;3;1;1;2;2;11;13;14;       1;-,617027133306871;1,45003912403923;,544140327032988;-,410615778101421;-,743723798187298;-1,28784262188363;,755928575292117
GP;M;16;U;GT3;T;3;3;other;services;home;father;2;1;0;no;no;no;yes;yes;yes;yes;no;5;4;2;1;1;5;0;13;14;13;       1;-1,20501521637988;,476038004452435;1,19296351470246;-1,50257830674564;-,685446748842036;1,00247843542804;,849068552883189
GP;M;17;R;GT3;T;1;3;other;other;course;father;3;2;1;no;yes;no;yes;yes;yes;yes;no;5;2;4;1;4;5;20;9;7;8;       0;,364505778287742;-,515658900777105;,768718509535567;,553148144776602;1,96465397680825;1,06836467384807;2,3832342542171
GP;M;15;U;GT3;T;3;4;other;other;reputation;father;1;1;0;no;no;no;no;yes;yes;yes;no;3;4;3;1;2;4;6;14;13;13;       1;-,298921493496927;,842448722758432;-,508329018509454;-1,55817025309447;-,360964400046387;,100088804383358;-,906965326948611
GP;F;15;U;GT3;T;1;2;at_home;services;course;mother;1;2;0;no;no;no;no;no;yes;yes;no;3;2;3;1;2;1;2;16;15;15;       1;-,433386806563481;-1,1569451171316;-1,39356033784862;,0854211245364;-,276916623378108;-1,61797986773749;-,509432970429654
GP;M;15;U;GT3;T;2;2;services;services;home;father;1;4;0;no;yes;yes;yes;yes;yes;yes;no;5;5;4;1;2;5;6;16;14;15;       1;,416411117957027;-,783540928635247;1,9226163220191;1,98552464019172;-,303746416143344;,696638379329697;-1,13509491712278
GP;F;16;U;LE3;T;2;4;other;health;course;father;2;2;0;no;yes;yes;yes;yes;yes;yes;yes;4;2;2;1;2;5;2;13;13;13;       1;-,888625848101675;,506144392743059;-,613368972937502;,0306338872557592;-,268776425334503;1,36976361967811;1,19019867267623
GP;M;16;U;GT3;T;4;4;health;other;course;mother;1;1;0;no;yes;no;yes;yes;yes;yes;no;3;4;4;1;4;5;18;14;11;13;       1;,734748383816635;1,26581312734385;-,352750381147796;-1,27677489890114;1,07584720274158;,638494082742368;-1,02883117244636
GP;F;16;U;GT3;T;2;2;other;other;home;mother;1;2;0;no;no;yes;no;yes;yes;yes;yes;5;4;4;1;1;5;0;8;7;8;       0;-,348620963638982;-,653077149234856;1,51851771078391;,0322335841638932;-,730235384615219;,731880716875931;-,815774352804538
GP;M;15;U;GT3;T;3;4;services;services;home;father;1;1;0;yes;no;no;no;yes;yes;yes;no;5;5;5;3;2;5;0;13;13;12;       1;1,17801091563948;,919860173655774;1,69551918626419;-1,14017687802701;-1,01059824855386;,744281812401038;-,761965321181288
GP;F;15;U;LE3;A;3;4;other;other;home;mother;1;2;0;yes;no;no;yes;yes;yes;yes;yes;5;3;2;1;1;1;0;7;10;11;       1;-1,25691332343705;,913863855294341;,591443076357581;-,294659437400143;-,423617599283073;-1,38589983735388;-,0566769708130179
GP;F;19;U;GT3;T;0;1;at_home;other;course;other;1;2;3;no;yes;no;no;no;no;no;no;3;4;2;1;1;5;2;7;8;9;       0;-,795569178490369;-2,23172373637;-,598816869621703;-,551245266352933;-,737696335135466;,902358206485917;-1,22379189517642
GP;M;18;R;GT3;T;2;2;services;other;reputation;mother;1;1;2;no;yes;no;yes;yes;yes;yes;no;3;3;3;1;2;4;0;7;4;0;       0;-,407436009567524;-,650405046341172;-,956980025062175;-1,17872829421192;-,725634124495583;,202578772415951;-,799641236577239
GP;M;16;R;GT3;T;4;4;teacher;teacher;course;mother;1;1;0;no;no;yes;yes;yes;yes;yes;no;3;5;5;2;5;4;8;18;18;18;       1;1,98459596598615;1,27514765979905;-,110695012939995;-1,29688578359728;-,323242077387648;-,140812397796253;-1,16119617971606
GP;F;15;R;GT3;T;3;4;services;teacher;course;father;2;3;2;no;yes;no;no;yes;yes;yes;yes;4;2;2;2;2;5;0;12;0;0;       0;-,289317810622003;1,01090628038712;-,739600671058334;1,21110508593251;-,502211054081984;1,49282439961103;1,30571570404086
GP;F;15;U;GT3;T;1;1;at_home;other;course;mother;3;1;0;no;yes;no;yes;no;yes;yes;yes;4;3;3;1;2;4;0;8;0;0;       0;-,514367934982389;-1,48597611405834;,144698720943602;-1,05707792087316;-,643769204473672;,126372038869699;2,00948093648633
GP;F;17;U;LE3;T;2;2;other;other;course;father;1;1;0;no;yes;no;no;yes;yes;yes;yes;3;4;4;1;3;5;12;10;13;12;       1;,420946482813665;-,745190403441394;-,292981325841806;-1,23554393443141;,41677435911216;,565475942533901;-1,24161762686743
GP;F;16;U;GT3;A;3;4;services;other;course;father;1;1;0;no;no;no;no;yes;yes;yes;no;3;2;1;1;4;5;16;12;11;11;       1;-,598151835405435;,82945471430775;-1,86065789067737;-1,3307260617799;1,46740712558186;1,54131442550687;-,290259749018959
GP;M;15;R;GT3;T;3;4;at_home;teacher;course;mother;4;2;0;no;yes;no;no;yes;yes;no;yes;5;3;3;1;1;5;0;9;0;0;       0;-,841590110467704;1,1939669999685;1,21949427237291;,0457831719018451;-,774780146433182;,87403612583753;3,80955201535742
GP;F;15;U;GT3;T;4;4;services;at_home;course;mother;1;3;0;no;yes;no;yes;yes;yes;yes;yes;4;3;3;1;1;5;0;11;0;0;       0;-,574709899417573;1,3899049978912;,0421614796633473;1,08571901552902;-,756250811500449;1,01617550392655;-,459155613863048
GP;M;17;R;GT3;T;3;4;at_home;other;course;mother;3;2;0;no;no;no;no;yes;yes;no;no;5;4;5;2;4;5;0;10;0;0;       0;1,427953863323;1,04649006998764;1,45197332434204;,283838136608664;-,919097273027283;,767143605686391;2,16621083240361
GP;F;16;U;GT3;A;3;3;other;other;course;other;2;1;2;no;yes;no;yes;no;yes;yes;yes;4;3;2;1;1;5;0;4;0;0;       0;-1,21111229107697;,496366554529247;-,0744829531968363;-1,30908669483609;-,644355990625949;1,03717526612845;,907402604381459
GP;M;16;U;LE3;T;1;1;services;other;course;mother;1;2;1;no;no;no;no;yes;yes;no;yes;4;4;4;1;3;5;0;14;12;12;       1;,452128494618102;-1,7336121571525;,445120938231642;,0283396649259944;-,804510210360475;,744591918049209;-1,09126666081721
GP;F;15;U;GT3;T;4;4;teacher;teacher;course;mother;2;1;0;no;no;no;yes;yes;yes;yes;no;4;3;2;1;1;5;0;16;16;15;       1;-1,21986624644878;1,52327514789638;-,0818549643136687;-1,33538186209104;-,687245905395567;1,0514832630136;1,0249391866292
GP;M;15;U;GT3;T;4;3;teacher;services;course;father;2;4;0;yes;yes;no;no;yes;yes;yes;no;2;2;2;1;1;3;0;7;9;0;       0;-,654206355654982;,918462099430117;-2,14916247021994;2,09254187123618;-,869921697744359;-,332977369604429;,818668316003902
GP;M;16;U;LE3;T;2;2;services;services;reputation;father;2;1;2;no;yes;no;yes;yes;yes;yes;no;2;3;3;2;2;2;8;9;9;9;       0;,145963114204219;-,594853403722841;-1,76394980646228;-1,31853174477698;-,000600489836389939;-1,26040413970295;,455763679680242
GP;F;15;U;GT3;T;4;4;teacher;services;course;mother;1;3;0;no;yes;yes;yes;yes;yes;yes;no;4;2;2;1;1;5;2;9;11;11;       1;-1,0614342246655;1,41275015927845;-,561088146869991;1,16260571818124;-,225860644350692;1,34165002549993;-,132613786403317
GP;F;16;U;LE3;T;1;1;at_home;at_home;course;mother;1;1;0;no;no;no;no;yes;yes;yes;no;3;4;4;3;3;1;2;14;14;13;       1;1,2695941027582;-1,70002805304425;-,737151377011389;-1,23842297186307;-,616042360141285;-1,87288886672199;-,986050633153593
GP;M;17;U;GT3;T;2;1;other;other;home;mother;1;1;3;no;yes;no;no;yes;yes;yes;no;5;4;5;1;2;5;0;5;0;0;       0;,202305569914442;-1,16705963290645;1,62683771601814;-,798449863934177;-,645239583659496;,526328877407358;-,934993866820593
GP;F;15;U;GT3;T;1;1;other;services;course;father;1;2;0;no;yes;yes;no;yes;yes;yes;no;4;4;2;1;2;5;0;8;11;11;       1;-,584006100331258;-1,7258925932702;,137130442316608;-,400491547630058;-,720106850256673;1,0513841611476;-,947537802465814
GP;F;15;U;GT3;T;3;2;health;services;home;father;1;2;3;no;yes;no;no;yes;yes;yes;no;3;3;2;1;1;3;0;6;7;0;       0;-,944985496237956;-,165151579263413;-1,02929661151189;-,302312396302944;-,706603512506335;-,361621754347511;-,681955843709568
GP;F;15;U;GT3;T;1;2;at_home;other;course;mother;1;2;0;no;yes;yes;no;no;yes;yes;no;4;3;2;1;1;5;2;10;11;11;       1;-1,06702854498779;-1,15236920972944;-,169147042816274;-,205821133916711;-,354429831008771;1,17350934915979;-,647425457200923
GP;M;16;U;GT3;T;4;4;teacher;teacher;course;mother;1;1;0;no;yes;no;no;yes;no;yes;yes;3;3;2;2;1;5;0;7;6;0;       0;-,65624527697554;1,44141405482683;-1,19628824540055;-1,39159125542869;-,781437003495019;1,14798746105868;-,458631262824753
GP;M;15;U;LE3;A;2;1;services;other;course;mother;4;1;3;no;no;no;no;yes;yes;yes;no;4;5;5;2;5;5;0;8;9;10;       1;1,92110135916075;-,991101883976095;1,06894496773863;-1,03639485258924;-1,16711778575293;,338257832201203;2,83911370103027
GP;M;18;U;LE3;T;1;1;other;other;course;mother;1;1;3;no;no;no;no;yes;no;yes;yes;2;3;5;2;5;4;0;6;5;0;       0;1,87107398861169;-1,71682260258653;-1,86354413888643;-,717765869244109;-,86274949064789;,0295891389774527;-1,13897952368223
GP;M;16;U;LE3;T;2;1;at_home;other;course;mother;1;1;1;no;no;no;yes;yes;yes;no;yes;4;4;4;3;5;5;6;12;13;14;       1;1,85671831068491;-1,22535782109369;,00760181925558066;-,944913734016073;,0866176908959985;1,02785224932702;-,873033070878633
GP;F;15;R;GT3;T;3;3;services;services;reputation;other;2;3;2;no;yes;yes;yes;yes;yes;yes;yes;4;2;1;2;3;3;8;10;10;10;       1;-,315859824342482;,422361959869831;-,97117189475017;1,00348595545098;,635284651666336;,309658517213494;1,34470969875057
GP;M;19;U;GT3;T;3;2;services;at_home;home;mother;1;1;3;no;yes;no;no;yes;no;yes;yes;4;5;4;1;1;4;0;5;0;0;       0;-,238795934979434;-,182258446333483;1,07210204736087;-1,4584601637788;-1,07598073297729;-,274161492584969;-1,17975830012206
GP;F;17;U;GT3;T;4;4;other;teacher;course;mother;1;1;0;yes;yes;no;no;yes;yes;no;yes;4;2;1;1;1;4;0;11;11;12;       1;-1,72378392638611;1,46357763754883;-,842672705288612;-1,2884305415867;-,300854175034704;,794830155073355;,0379906419973988
GP;M;15;R;GT3;T;2;3;at_home;services;course;mother;1;2;0;yes;no;yes;yes;yes;yes;no;no;4;4;4;1;1;1;2;11;8;8;       0;-,281343647855417;-,1624363052434;,607105154948621;-,246749072198901;-,693248632340844;-2,04110407804847;-,81239595473126
GP;M;17;R;LE3;T;1;2;other;other;reputation;mother;1;1;0;no;no;no;no;yes;yes;no;no;2;2;2;3;3;5;8;16;12;13;       1;,451925404087965;-1,14039139667875;-2,74740135111138;-1,10083992475352;,362160512412271;1,41970141139866;-,611488220883341
GP;F;18;R;GT3;T;1;1;at_home;other;course;mother;3;1;3;no;yes;no;yes;no;yes;no;no;5;2;5;1;5;4;6;9;8;10;       1;,922216727923439;-1,50284726209233;,730443706329414;-,215705659886793;,480520572400117;,189871265799514;2,32344131196319
GP;M;16;R;GT3;T;2;2;at_home;other;course;mother;3;1;0;no;no;no;no;no;yes;no;no;4;2;2;1;2;3;2;17;15;15;       1;-1,02090904510738;-,439135545503897;-,479380646056814;-1,03933542274688;-,141323425340992;-,21067369640907;2,48879680128411
GP;M;16;U;GT3;T;3;3;other;services;course;father;1;2;1;no;yes;yes;no;yes;yes;yes;yes;4;5;5;4;4;5;4;10;12;12;       1;2,57753255578731;,320057258909274;,565127997897924;,0182973927530259;-,611139074790561;,855409762144131;-,965373396078647
GP;M;17;R;LE3;T;2;1;at_home;other;course;mother;2;1;2;no;no;no;yes;yes;no;yes;yes;3;3;2;2;2;5;0;7;6;0;       0;-,2839856393026;-1,06990978823822;-1,14635866793117;-1,25397953395489;-,66876664110605;1,04831564329711;,613493008209738
GP;M;15;R;GT3;T;3;2;other;other;course;mother;2;2;2;yes;yes;no;no;yes;yes;yes;yes;4;4;4;1;4;3;6;5;9;7;       0;,766710796204382;-,167157793621821;,507884294840042;-,0230303658207908;-,126339825288857;-,676148451009477;,478046051139542
GP;M;16;U;LE3;T;1;2;other;other;course;mother;2;1;1;no;no;no;yes;yes;yes;no;no;4;4;4;2;4;5;0;7;0;0;       0;1,06565182129111;-1,09092593327954;,265354832369244;-1,0677590416913;-,845657600705748;,868796859794342;,469347762773672
GP;M;17;U;GT3;T;1;3;at_home;services;course;father;1;1;0;no;no;no;no;yes;no;yes;no;5;3;3;1;4;2;2;10;10;10;       1;-,0470971652534402;-,643875859593727;,46568613726809;-1,09188974687582;-,0886673305921166;-,706129628994017;-,264084368995052
GP;M;17;R;LE3;T;1;1;other;services;course;mother;4;2;3;no;no;no;yes;yes;no;no;yes;5;3;5;1;5;5;0;5;8;7;       0;1,22418631311182;-1,45028354695688;1,22785842400993;,668030182233164;-,594366141778864;,69215036768278;3,41703417779205
GP;M;16;U;GT3;T;3;2;services;services;course;mother;2;1;1;no;yes;no;yes;no;no;no;no;4;5;2;1;1;2;16;12;11;12;       1;-,96033032612715;-,175589151229128;,928597821173486;-1,9686810808382;,885001821683066;-1,40418294323079;,302976187851646
GP;M;16;U;GT3;T;2;2;other;other;course;father;1;2;0;no;no;no;no;yes;no;yes;no;4;3;5;2;4;4;4;10;10;10;       1;1,4231693058856;-,680664068416745;,0109533240615159;,504904171038383;-,1291820955495;,213630671037628;-,690274374528191
GP;F;16;U;GT3;T;4;2;health;services;home;father;1;2;0;no;no;yes;no;yes;yes;yes;yes;4;2;3;1;1;3;0;14;15;16;       1;-,847703483048428;,39337288429354;-,360083799433566;,295234480230237;-,318395310406827;-,332005876813421;-,265180958240435
GP;F;16;U;GT3;T;2;2;other;other;home;mother;1;2;0;no;yes;yes;no;no;yes;yes;no;5;1;5;1;1;4;0;6;7;0;       0;-,410743058071383;-,541296461612535;,4705794421152;1,04688533122252;-,0754627947022879;,304443217422528;-,0872285101383275
GP;F;16;U;GT3;T;4;4;health;health;reputation;mother;1;2;0;no;yes;yes;no;yes;yes;yes;yes;4;4;2;1;1;3;0;14;14;14;       1;-,964239292792693;1,36779067590742;,202361265644778;-,574537502635862;-,856569585973064;-,32839453347284;-,545599233716883
GP;M;16;U;GT3;T;3;4;other;other;course;father;3;1;2;no;yes;no;yes;no;yes;yes;no;3;4;5;2;4;2;0;6;5;0;       0;1,50171319776672;1,03126456907932;-,309848834189761;-1,10520523387994;-1,21695629537959;-1,51855022274386;1,89065334376046
GP;M;16;U;GT3;T;1;0;other;other;reputation;mother;2;2;0;no;yes;yes;yes;yes;yes;yes;yes;4;3;2;1;1;3;2;13;15;16;       1;-1,04965122852446;-2,12328058886452;-,0181980512760853;-,163521873025342;-,269346889085551;-,373865214797309;,631946721091543
GP;M;17;U;LE3;T;4;4;teacher;other;reputation;mother;1;2;0;no;yes;yes;yes;yes;yes;yes;no;4;4;4;1;3;5;0;13;11;10;       1;,42586662850269;1,3471136229489;,423004904881145;-,0505458368388499;-,933179954669329;,787515908704637;-,738656914073998
GP;F;16;U;GT3;T;1;3;at_home;services;home;mother;1;2;3;no;no;no;yes;no;yes;yes;yes;4;3;5;1;1;3;0;8;7;0;       0;-,0491391099279124;-,607226992367143;,385821041696445;,2811300513781;-,809378161594689;-,682074057853316;-,7326312881501
GP;F;16;U;LE3;T;3;3;other;other;reputation;mother;2;2;0;no;yes;yes;yes;yes;yes;yes;no;4;4;5;1;1;4;4;10;11;9;       0;,117962790159657;,432011269174809;1,02375970224678;,074711961332968;-,617089465853839;-,332547209314914;,388564536921017
GP;M;17;U;LE3;T;4;3;teacher;other;course;mother;2;2;0;no;no;yes;yes;yes;yes;yes;no;4;4;4;4;4;4;4;10;9;9;       0;2,09407612378579;,936184964100006;,0674174074101116;,097633235363836;-,355209683806113;,386476702193818;,814471415490631
GP;F;16;U;GT3;T;2;2;services;other;reputation;mother;2;2;0;no;no;yes;yes;no;yes;yes;no;3;4;4;1;4;5;2;13;13;11;       1;,909654899980224;-,661916631324919;-,38464715608377;-,0605206226438891;-,843304947016151;,622172310967814;,195895934672526
GP;M;17;U;GT3;T;3;3;other;other;reputation;father;1;2;0;no;no;no;yes;no;yes;yes;no;4;3;4;1;4;4;4;6;5;6;       0;,620644941734102;,318875360598899;-,0663872555153908;,242899455205239;-,132591127507658;,294766469885999;-,570183198276376
GP;M;16;R;GT3;T;4;2;teacher;services;other;mother;1;1;0;no;yes;no;yes;yes;yes;yes;yes;4;3;3;3;4;3;10;10;8;9;       0;1,01493304569774;,329889872732554;-,471549299104678;-,969373828165894;,825143313665352;-,102590652416165;-,353720935577363
GP;M;17;U;GT3;T;4;3;other;other;course;mother;1;2;0;no;yes;no;yes;yes;yes;yes;yes;5;2;3;1;1;2;4;10;10;11;       1;-1,00402463370726;,916860738590469;,496444232705725;,286992287242426;,294543398375496;-,860574272558677;,0185032793749659
GP;M;16;U;GT3;T;4;3;teacher;other;home;mother;1;2;0;no;yes;yes;yes;yes;yes;yes;no;3;4;3;2;3;3;10;9;8;8;       0;,637230442104092;,775121556373021;-,664626899427058;-,346750394480119;,231384571608354;-,462892577672771;-,855651629811298
GP;M;16;U;GT3;T;3;3;services;other;home;mother;1;2;0;no;no;yes;yes;yes;yes;yes;yes;4;2;3;1;2;3;2;12;13;12;       1;-,540476310630811;,392394921720353;-,500728168845213;,240081035627716;-,134069275601291;-,178250263638419;-,22174089324327
GP;F;17;U;GT3;T;2;4;services;services;reputation;father;1;2;0;no;yes;no;yes;yes;yes;no;no;5;4;2;2;3;5;0;16;17;17;       1;,0192135566308988;,372852269534759;,669749272292778;-,377062014982398;-,643187871038855;1,47413501124469;-,374416192182914
GP;F;17;U;LE3;T;3;3;other;other;reputation;mother;1;2;0;no;yes;no;yes;yes;yes;yes;yes;5;3;3;2;3;1;56;9;9;8;       0;,212144017063676;,153025003065852;1,10751822854891;-,116548218404522;6,27849553860141;-1,59826229779348;-,499466251370736
GP;F;16;U;GT3;T;3;2;other;other;reputation;mother;1;2;0;no;yes;yes;no;yes;yes;yes;no;1;2;2;1;2;1;14;12;13;12;       1;-,514308724103295;-,241561475097714;-3,12861134768568;-,276410677664443;,859589646384762;-1,78011115071179;-,833591891885576
GP;M;17;U;GT3;T;3;3;services;services;other;mother;1;2;0;no;yes;no;yes;yes;yes;yes;yes;4;3;4;2;3;4;12;12;12;11;       1;,72971074525279;,327456511665696;-,000966400914143836;,225324863277494;,794179151617856;,313952992087177;-,569356804857954
GP;M;16;U;GT3;T;1;2;services;services;other;mother;1;1;0;no;yes;yes;yes;yes;yes;yes;yes;3;3;3;1;2;3;2;11;12;11;       1;-,426520418110646;-1,16187454551871;-,96840322881911;-1,24375482761599;-,498061207369101;-,443156100637569;-,819263883907885
GP;M;16;U;LE3;T;2;1;other;other;course;mother;1;2;0;no;no;yes;yes;yes;yes;yes;yes;4;2;3;1;2;5;0;15;15;15;       1;-,492821161838823;-1,14703957963643;-,461103213504367;,39054694081267;-,290807889941078;1,1156968693821;-,472428865498411
GP;F;17;U;GT3;A;3;3;health;other;reputation;mother;1;2;0;no;yes;no;no;no;yes;yes;yes;3;3;3;1;3;3;6;8;7;9;       0;,0537175307710306;,305145263988875;-1,00587413394208;-,114244557803684;-,0510958974142927;-,382476585867933;-,688379859629003
GP;M;17;R;GT3;T;1;2;at_home;other;home;mother;1;2;0;no;no;no;no;yes;yes;no;no;3;1;3;1;5;3;4;8;9;10;       1;,449695993012559;-1,17909301897587;-2,10155504617185;,516077454756077;,275590922496214;,0803704842644897;-,27236526188898
GP;F;16;U;GT3;T;2;3;services;services;course;mother;1;2;0;no;no;no;no;yes;yes;yes;no;4;3;3;1;1;2;10;11;12;13;       1;-,757540999187016;-,16070775212913;,0865505400723623;-,155116340934512;,529364636312409;-1,06344533410091;-,56452438061115
GP;F;17;U;GT3;T;1;1;at_home;services;course;mother;1;2;0;no;no;no;yes;yes;yes;yes;no;5;3;3;1;1;3;0;8;8;9;       0;-,848538373995975;-1,65495702212366;,872645542564633;,0757517157486881;-,362787125276107;-,302394588789374;-,521816597995485
GP;M;17;U;GT3;T;1;2;at_home;services;other;other;2;2;0;no;no;yes;yes;no;yes;yes;no;4;4;4;4;5;5;12;7;8;8;       0;2,42933818086334;-1,13972679348043;,024212071889208;,109816153883382;,607119282042155;1,16380054397272;,544168062652698
GP;M;16;R;GT3;T;3;3;services;services;reputation;mother;1;1;0;no;yes;no;yes;yes;yes;yes;no;4;3;2;3;4;5;8;8;9;10;       1;,660652983042722;,364009858220403;-,728300488288327;-1,17590732141474;,531492200390704;1,54012385512403;-,2905091968397
GP;M;16;U;GT3;T;2;3;other;other;home;father;2;1;0;no;no;no;no;yes;yes;yes;no;5;3;3;1;1;3;0;13;14;14;       1;-1,01724061500305;,0115846410379451;,940927578151582;-1,11212966847219;-,506071295000369;-,354019236446998;1,05530544040916
GP;F;17;U;LE3;T;2;4;services;services;course;father;1;2;0;no;no;no;yes;yes;yes;yes;yes;4;3;2;1;1;5;0;14;15;15;       1;-1,09220079770998;,408911527009181;-,228014727661184;-,278520292120476;-,699028022344758;1,24964807785591;-,43825719629353
GP;M;17;U;GT3;T;4;4;services;teacher;home;mother;1;1;0;no;no;no;no;yes;yes;yes;no;5;2;3;1;2;5;4;17;15;16;       1;-,805247907205045;1,45881008848283;,377177861092004;-,74970512030806;,263775520619758;1,25950996901434;,0303170318375629
GP;M;16;R;LE3;T;3;3;teacher;other;home;father;3;1;0;no;yes;yes;yes;yes;yes;yes;no;3;3;4;3;5;3;8;9;9;10;       1;1,81558437462343;,509684064391566;-1,0574070220064;-,89564666509848;,130889238364052;-,404369947198354;2,16239980607133
GP;F;17;U;GT3;T;4;4;services;teacher;home;mother;2;1;1;no;yes;no;no;yes;yes;yes;no;4;2;4;2;3;2;24;18;18;18;       1;,420006807026015;1,45013724327618;-,20791099477674;-,729416829834218;2,39473228094798;-1,04846229221661;1,17280242159849
GP;F;16;U;LE3;T;4;4;teacher;teacher;reputation;mother;1;2;0;no;yes;yes;no;yes;yes;yes;no;4;5;2;1;2;3;0;9;9;10;       1;-,497992382545828;1,3126195727562;,503301265254139;-,827680579737238;-1,05250912961664;-,405118343916124;-,783035099154995
GP;F;16;U;GT3;T;4;3;health;other;home;mother;1;2;0;no;yes;no;yes;yes;yes;yes;no;4;3;5;1;5;2;2;16;16;16;       1;1,29053099290389;,808353588497409;,00152685045874468;,438525672423861;-,338687121972106;-1,20885645092089;-,506139570763042
GP;F;16;U;GT3;T;2;3;other;other;reputation;mother;1;2;0;yes;yes;yes;yes;yes;yes;no;no;4;4;3;1;3;4;6;8;10;10;       1;,0630344744651586;-,212816481374618;,253985494798502;-,301030292355718;-,130227668094327;,298962894973741;-,822333869222105
GP;F;17;U;GT3;T;1;1;other;other;course;mother;1;2;0;no;yes;yes;no;no;yes;no;no;4;4;4;1;3;1;4;9;9;10;       1;,407519939537787;-1,76128476493422;,437448209035214;-,115125156597171;-,273282351179617;-1,97915045114201;-,979272039288841
GP;F;17;R;GT3;T;2;2;other;other;reputation;mother;1;1;0;no;yes;no;no;yes;yes;yes;no;5;3;2;1;2;3;18;7;6;6;       0;-1,02885920607502;-,698822381560161;,730635992682544;-1,28734308660628;1,85692665021351;-,138116049872505;-,411768898742215
GP;F;16;R;GT3;T;2;2;services;services;reputation;mother;2;4;0;no;yes;yes;yes;no;yes;yes;no;5;3;5;1;1;5;6;10;10;11;       1;,174216572319528;-,598811017986174;1,5386317040574;2,72407827111849;-,0120058989956847;,644727020465083;,641690855263479
GP;F;17;U;GT3;T;3;4;at_home;services;home;mother;1;3;1;no;yes;yes;no;yes;yes;yes;yes;4;4;3;3;4;5;28;10;9;9;       0;1,42813661552262;,728154780536707;,134323923063267;,852927092136972;2,44332815355815;1,24402944416937;-,737602439267837
GP;F;16;U;GT3;A;3;1;services;other;course;mother;1;2;3;no;yes;yes;no;yes;yes;yes;no;2;3;3;2;2;4;5;7;7;7;       0;,336147947152686;-,716098822394335;-1,82626246711002;-,0560527890261806;-,260586116803443;,132198970191144;-1,01219778452811
GP;F;16;U;GT3;T;4;3;teacher;other;other;mother;1;2;0;no;no;yes;yes;yes;yes;yes;yes;1;3;2;1;1;1;10;11;12;13;       1;-,720149866839964;,783763601052348;-2,65267691663939;-,602705006979521;,0739463459756323;-1,96418996563044;-,966828152592886
GP;F;16;U;GT3;T;1;1;at_home;other;home;mother;2;1;0;no;yes;yes;no;yes;yes;no;no;4;3;2;1;4;5;6;9;9;10;       1;-,198603233915768;-1,63783201110625;-,333288594793814;-1,18621223288806;,261644601907184;1,19105377439893;,692334906161389
GP;F;17;R;GT3;T;4;3;teacher;other;reputation;mother;2;3;0;no;yes;yes;yes;yes;yes;yes;yes;4;4;2;1;1;4;6;7;7;7;       0;-,781145745813505;,882319831891637;,451464812576239;,608036105135243;-,217510054602746;,21675043923884;,642555909983147
GP;F;19;U;GT3;T;3;3;other;other;reputation;other;1;4;0;no;yes;yes;yes;yes;yes;yes;no;4;3;3;1;2;3;10;8;8;8;       0;-,107468514899954;,272705072305089;,0407118518714186;2,15787537673695;,490458524043311;-,290753456106979;-,576685145152851
GP;M;17;U;LE3;T;4;4;services;other;home;mother;1;2;0;no;yes;yes;no;yes;yes;yes;yes;5;3;5;4;5;3;13;12;12;13;       1;2,48058817132012;1,37514410163959;,542273659095433;,582936772158387;1,13407905869409;-,0492454836553677;-,103953203508567
GP;F;16;U;GT3;A;2;2;other;other;reputation;mother;1;2;0;yes;yes;yes;no;yes;yes;yes;no;3;3;4;1;1;4;0;12;13;14;       1;-,237476699627069;-,651720476956295;-,614630639376419;,10376231491164;-,866731929986704;-,0213238637050973;-,922450748330703
GP;M;18;U;GT3;T;2;2;services;other;home;mother;1;2;1;no;yes;yes;yes;yes;yes;yes;no;4;4;4;2;4;5;15;6;7;8;       0;1,21550651258225;-,763724895889179;,355421980315712;,0222744863726454;,97976831011937;,887427422814483;-,981283106758771
GP;F;17;R;LE3;T;4;4;services;other;other;mother;1;1;0;no;yes;yes;no;yes;yes;no;no;5;2;1;1;2;3;12;8;10;10;       1;-1,53237696794798;1,40987969252525;,0203259675064302;-1,23890937358553;1,35864548348265;,2488331739553;,20775649087874
GP;F;17;U;LE3;T;3;2;other;other;reputation;mother;2;2;0;no;no;yes;no;yes;yes;yes;no;4;4;4;1;3;1;2;14;15;15;       1;,413096706917645;-,138180441563659;,549072963314153;-,106122146622539;-,605578568867086;-2,08242178204327;,556330071978133
GP;F;17;U;GT3;T;4;3;other;other;reputation;mother;1;2;2;no;no;yes;no;yes;yes;yes;yes;3;4;5;2;4;1;22;6;6;4;       0;1,65016766686508;,713516031144989;-,24507729759885;-,0198232737836786;1,59120952152171;-2,17262939097195;-1,01577117448069
GP;M;18;U;LE3;T;3;3;services;health;home;father;1;2;1;no;yes;yes;no;yes;yes;yes;no;3;2;4;2;4;4;13;6;6;8;       0;1,05537002862638;,324996234520921;-1,37113563714146;,44526168577622;,990815392789235;,413588662028364;-,497115464892997
GP;F;17;U;GT3;T;2;3;at_home;other;home;father;2;1;0;no;yes;yes;no;yes;yes;no;no;3;3;3;1;4;3;3;7;7;8;       0;,234636795637542;-,0888992238234352;-1,07172903265404;-1,21102172448628;-,424500506814717;-,381349033812999;,696531501579724
GP;F;17;U;GT3;T;2;2;at_home;at_home;course;mother;1;3;0;no;yes;yes;yes;yes;yes;yes;no;4;3;3;1;1;4;4;9;10;10;       1;-,568622055238508;-,682845238024957;,0896059607513215;1,09339164032872;-,184079703037979;,294301902176905;-,687946522101087
GP;F;17;R;GT3;T;2;1;at_home;services;reputation;mother;2;2;0;no;yes;no;yes;yes;yes;yes;no;4;2;5;1;2;5;2;6;6;6;       0;,217598290959183;-1,05634579650778;,105259982881185;,787002119546634;-,253951331416064;,645157824258757;,711424015157127
GP;F;17;U;GT3;T;1;1;at_home;other;reputation;mother;1;3;1;no;yes;no;yes;yes;yes;no;yes;4;3;4;1;1;5;0;6;5;0;       0;-,196303569495234;-1,6852886334133;,275403918660941;1,3642889342224;-,688624769699805;,785332302821284;-,894202833869414
GP;F;16;U;GT3;T;2;3;services;teacher;other;mother;1;2;0;yes;no;no;no;yes;yes;yes;no;2;3;1;1;1;3;2;16;16;17;       1;-1,19344428674851;-,168936520755707;-2,11904922410226;-,675726480423795;-,691450650445321;-,200066266068118;-,777472295738904
GP;M;18;U;GT3;T;2;2;other;other;home;mother;2;2;0;no;yes;yes;no;yes;yes;yes;no;3;3;3;5;5;4;0;12;13;13;       1;2,51057442951291;-,5574005924134;-1,72640636429916;,169148620474175;-,645479681584925;,840659744793704;,927308021266648
GP;F;16;U;GT3;T;4;4;teacher;services;home;mother;1;3;0;no;yes;no;yes;no;yes;yes;no;5;3;2;1;1;5;0;13;13;14;       1;-1,05515853143876;1,40043154069261;,683279226927032;,975148442491296;-,502674278652125;1,31516787192055;-,17647023848515
GP;F;18;R;GT3;T;3;1;other;other;reputation;mother;1;2;1;no;no;no;yes;yes;yes;yes;yes;5;3;3;1;1;4;16;9;8;7;       0;-,82321857171142;-,715030524878255;1,11282516175103;,11261238308978;1,55424132807693;,230100132370021;-,592109842408251
GP;F;17;U;GT3;T;3;2;other;other;course;mother;1;2;0;no;no;no;yes;no;yes;yes;no;5;3;4;1;3;3;10;16;15;15;       1;,16549333697017;-,199587278880068;,984315345356935;,304037201635686;,810357213409438;-,418294890161473;-,476430806738752
GP;M;17;U;LE3;T;2;3;services;services;reputation;father;1;2;0;no;yes;yes;no;no;yes;yes;no;5;3;3;1;3;3;2;12;11;12;       1;-,210376529106432;-,147263871319184;,631411415165962;,049908642503676;-,160571474616163;-,104592858732743;-,299311359571156
GP;M;18;U;LE3;T;2;1;at_home;other;course;mother;4;2;0;yes;yes;yes;yes;yes;yes;yes;yes;4;3;2;4;5;3;14;10;8;9;       0;1,60540189661381;-,978777149632193;-,525555688878787;,00614321433998544;1,16396726630981;,0576417618213391;3,71326155051406
GP;F;17;U;GT3;A;2;1;other;other;course;mother;2;3;0;no;no;no;yes;yes;yes;yes;yes;3;2;3;1;2;3;10;12;10;12;       1;-,231566088100456;-1,14696632495179;-1,08687539895567;1,32095259327236;,606015743036419;-,443529376214363;,66938962176815
GP;F;17;U;LE3;T;4;3;health;other;reputation;father;1;2;0;no;no;no;yes;yes;yes;yes;yes;3;2;3;1;2;3;14;13;13;14;       1;-,405400893086185;,828823022662825;-1,19345318863336;,140904334332744;1,11083063628208;-,377919541713594;-,468471888852118
GP;M;17;R;GT3;T;2;2;other;other;course;father;2;2;0;no;yes;yes;yes;yes;yes;yes;no;4;5;2;1;1;1;4;11;11;11;       1;-,828503891493732;-,656620570857975;,772581623360107;-,879198689811013;-,579855451858164;-1,95935232430698;,36547078612065
GP;M;17;U;GT3;T;4;4;teacher;teacher;reputation;mother;1;2;0;yes;yes;no;yes;yes;yes;yes;yes;4;5;5;1;3;2;14;11;9;9;       0;,877973516997698;1,25144945103403;1,17051409618197;-,27425434106088;,467049467121305;-1,63416079104889;-1,07530717159429
GP;M;16;U;GT3;T;4;4;health;other;reputation;father;1;2;0;no;yes;yes;yes;yes;yes;yes;no;4;2;4;2;4;1;2;14;13;13;       1;,886105818437582;1,40327858408689;-,69357170096078;,442722099806951;-,111180929852047;-1,4463342205885;,00600818153082458
GP;M;16;U;LE3;T;1;1;other;other;home;mother;2;2;0;no;yes;yes;no;yes;yes;yes;no;3;4;2;1;1;5;18;9;7;6;       0;-,782846022505496;-1,70761738978534;-,272108257305433;-,570256115099805;1,0944032467148;,710846784610194;,0639752390948785
GP;M;16;U;GT3;T;3;2;at_home;other;reputation;mother;2;3;0;no;no;no;yes;yes;yes;yes;yes;5;3;3;1;3;2;10;11;9;10;       1;-,0417442991591796;-,146024637739203;,897723166008176;1,18689299942667;,767197472055989;-,960627128421477;,985223597897581
GP;M;17;U;LE3;T;2;2;other;other;home;father;1;2;0;no;no;yes;yes;no;yes;yes;yes;4;4;2;5;5;4;4;14;13;13;       1;2,15786065963;-,686920571294889;-,744959404831478;-,239216761899618;-,0773020725781989;1,06393871740369;-,440749182399622
GP;F;16;U;GT3;T;2;1;other;other;home;mother;1;1;0;no;no;no;no;yes;yes;yes;yes;4;5;2;1;1;5;20;13;12;12;       1;-,925054263012658;-1,29741746600421;,901469917556529;-1,85902815530599;1,43127982090966;,682050413956494;-1,31243338509818
GP;F;17;R;GT3;T;2;1;at_home;services;course;mother;3;2;0;no;no;no;yes;yes;yes;no;no;2;1;1;1;1;3;2;13;11;11;       1;-1,41643465338358;-,973607627114827;-2,65055811284953;,000602447706769031;-,245790497458695;-,188730293164129;2,31179430619725
GP;M;18;U;GT3;T;2;2;other;services;reputation;father;1;2;1;no;no;no;no;yes;no;yes;no;5;5;4;3;5;2;0;7;7;0;       0;1,96322635004417;-,729665364305026;1,15398190183101;-,159019205354181;-,725160573869815;-,926006504402128;-,724293829928849
GP;M;17;U;LE3;T;4;3;health;other;course;mother;2;2;0;no;no;no;yes;yes;yes;yes;yes;2;5;5;1;4;5;14;12;12;12;       1;1,52252206887133;,770564970106465;-,458415466353135;-,268913530065633;,0640377590331872;,10312183108337;-,274317905564752
GP;M;17;R;LE3;A;4;4;teacher;other;course;mother;2;2;0;no;yes;yes;no;yes;yes;yes;no;3;3;3;2;3;4;2;10;11;12;       1;,504318730650337;1,46046333911832;-1,06607315011116;-,0564762026022722;-,635593183954305;,359694480380545;,865962772218651
GP;M;16;U;LE3;T;4;3;teacher;other;course;mother;1;1;0;no;no;no;yes;no;yes;yes;no;5;4;5;1;1;3;0;6;0;0;       0;-,169173667175189;,899715042904039;1,69944055046315;-,946200651685032;-,738812404606268;-,867757814098221;-,6505918803194
GP;M;16;U;GT3;T;4;4;services;services;course;mother;1;1;0;no;no;no;yes;yes;yes;yes;no;5;3;2;1;2;5;0;13;12;12;       1;-1,02263389104133;1,43291056099276;,535095582228872;-1,21992632059774;-,380250117598923;1,31808854546168;-,116872249679428
GP;F;18;U;GT3;T;2;1;other;other;course;other;2;3;0;no;yes;yes;no;no;yes;yes;yes;4;4;4;1;1;3;0;7;0;0;       0;-,0698758813723727;-1,13931644897586;,805766634447017;1,04524924489004;-,946040731583427;-,839888197805302;,321278052300991
GP;M;16;U;GT3;T;2;1;other;other;course;mother;3;1;0;no;no;no;no;yes;yes;yes;no;4;3;3;1;1;4;6;18;18;18;       1;-,838906497398605;-,990675665568535;,349242887138561;-1,07850014831749;,0488108645811508;-,0066262280995008;1,98528455306663
GP;M;17;U;GT3;T;2;3;other;other;course;father;2;1;0;no;no;no;no;yes;yes;yes;no;5;2;2;1;1;2;4;12;12;13;       1;-1,51520638828587;,0235066847342766;,347299316370276;-1,07412633931057;,274987274987276;-,713587645731945;1,40260712354276
GP;M;22;U;GT3;T;3;1;services;services;other;mother;1;1;3;no;no;no;no;no;no;yes;yes;5;4;5;5;5;1;16;6;8;8;       0;2,92650904606209;-,71124897035732;,871265825058786;-,719489880165914;1,5227244312697;-1,59450544496457;-,486512557225307
GP;M;18;R;LE3;T;3;3;other;services;course;mother;1;2;1;no;yes;no;no;yes;yes;yes;yes;4;3;3;1;3;5;8;3;5;5;       0;-,0526395969623617;,319020396496096;-,103635428228527;,0345330244094988;,347268755506083;1,07403840202976;-,573084467111315
GP;M;16;U;GT3;T;0;2;other;other;other;mother;1;1;0;no;no;yes;no;no;yes;yes;no;4;3;2;2;4;5;0;13;15;15;       1;,212809546543885;-1,65378878771067;-,714176153411517;-1,21378626075798;-,436263180300622;1,51619927384603;-,510783266689807
GP;M;18;U;GT3;T;3;2;services;other;course;mother;2;1;1;no;no;no;no;yes;no;yes;no;4;4;5;2;4;5;0;6;8;8;       0;1,43348220611448;-,0843010215093984;,518570375034274;-,815788304935812;-,860510331791148;,602261533734898;,467675295519562
GP;M;16;U;GT3;T;3;3;at_home;other;reputation;other;3;2;0;yes;yes;no;no;no;yes;yes;no;5;3;3;1;3;2;6;7;10;10;       1;-,201335347735159;,509628295037209;,927219024507402;,0373754548999505;,195357464930654;-1,01013041872217;2,47376425288736
GP;M;18;U;GT3;T;2;1;services;services;other;mother;1;1;1;no;no;no;no;no;no;yes;no;3;2;5;2;5;5;4;6;9;8;       0;1,62691713044026;-1,17693696460848;-1,3458418149004;-,299123044807687;,0430026393779791;,907523126456597;-,703959818873135
GP;M;16;R;GT3;T;2;1;other;other;course;mother;2;1;0;no;no;no;yes;no;yes;no;no;3;3;2;1;3;3;0;8;9;8;       0;-,415891575950375;-1,1163570376688;-1,14637860482379;-1,32624036144754;-,622754362385097;-,357386094862788;,625231127306191
GP;M;17;R;GT3;T;2;1;other;other;course;mother;1;1;0;no;no;no;no;no;yes;yes;no;4;4;2;2;4;5;0;8;12;12;       1;,379493626351713;-1,21544547829306;-,228468121779264;-1,39166706956297;-,557710396952987;1,2381971153019;-,765754293536999
GP;M;17;U;LE3;T;1;1;health;other;course;mother;2;1;1;no;yes;no;yes;yes;yes;yes;no;4;4;4;1;2;5;2;7;9;8;       0;-,0232471610022894;-1,60956736925342;,686532974042659;-1,1163049397901;-,640880233661368;,547782363894172;,255541028505132
GP;F;17;U;LE3;T;4;2;teacher;services;reputation;mother;1;4;0;no;yes;yes;yes;yes;yes;yes;no;4;2;3;1;1;4;6;14;12;13;       1;-,537855482194026;,320993394244314;-,243467458457485;2,53451765063043;,289087674956087;,386303849820916;-,382303112210873
GP;M;19;U;LE3;A;4;3;services;at_home;reputation;mother;1;2;0;no;yes;no;no;yes;yes;yes;no;4;3;1;1;1;1;12;11;11;11;       1;-1,45738545381932;,818397595559402;-,283991769451864;-,541082228455227;,948311415589528;-1,45126595966916;-,298124572401932
GP;M;18;U;GT3;T;2;1;other;other;home;mother;1;2;0;no;no;no;yes;yes;yes;yes;no;5;2;4;1;2;4;8;15;14;14;       1;-,280758169869991;-1,16040165140506;,681125992112374;,622358819482605;,798518268984749;,329163854254992;-,377291379222253
GP;F;17;U;LE3;T;2;2;services;services;course;father;1;4;0;no;no;yes;yes;yes;yes;yes;yes;3;4;1;1;1;2;0;10;9;0;       0;-,882313480208931;-,761793419198248;-,825801670710678;1,38094267557172;-,972073473653771;-,890867223814574;-,901697272604459
GP;F;18;U;GT3;T;4;3;services;other;home;father;1;2;0;no;yes;yes;no;yes;yes;yes;yes;3;1;2;1;3;2;21;17;18;18;       1;-,571788926827968;,809946307646595;-1,86672512464041;,199318537863941;2,28315756531036;-,680763788878806;-,121740516668263
GP;M;18;U;GT3;T;4;3;teacher;other;course;mother;1;2;0;no;yes;yes;no;no;yes;yes;no;4;3;2;1;1;3;2;8;8;8;       0;-1,08222223835367;,869805774211057;-,161345375615664;-,245528055886686;-,321237720850494;-,244455277039247;-,378648958763521
GP;M;18;R;GT3;T;3;2;other;other;course;mother;1;3;0;no;no;no;yes;no;yes;no;no;5;3;2;1;1;3;1;13;12;12;       1;-1,05202262846227;-,162670602700406;,703691906020311;,985166694262888;-,246046471853727;-,110520025689636;-,307924789503701
GP;F;17;U;GT3;T;3;3;other;other;home;mother;1;3;0;no;no;no;yes;no;yes;no;no;3;2;3;1;1;4;4;10;9;9;       0;-,583473085307405;,364391905418991;-1,18521251826481;1,26058808498331;-,18587885959151;,343306729762464;-,512075888355079
GP;F;18;U;GT3;T;2;2;at_home;services;home;mother;1;3;0;no;yes;yes;yes;yes;yes;yes;yes;4;3;3;1;1;3;0;9;10;0;       0;-,579327647684479;-,669738561242953;,0299900431965203;1,07261127549694;-,640579928456129;-,36609699731831;-,623753868177902
GP;M;18;R;LE3;A;3;4;other;other;reputation;mother;2;2;0;no;yes;yes;yes;yes;yes;yes;no;4;2;5;3;4;1;13;17;17;17;       1;1,67736000850981;,973686160777233;-,396681392458064;,622220320360339;1,04593960755058;-1,60552063601526;1,2466497143301
GP;M;17;U;GT3;T;3;1;services;other;other;mother;1;2;0;no;no;yes;yes;yes;yes;yes;yes;5;4;4;3;4;5;2;9;9;10;       1;1,55442918617169;-,699580464438836;,965955332509432;,265218134422453;-,249253848206085;1,08006327763723;-,643819505416805
GP;F;18;R;GT3;T;4;4;teacher;other;reputation;mother;2;2;0;no;no;yes;yes;yes;yes;yes;no;4;3;4;2;2;4;8;12;10;11;       1;,395777503318561;1,47680824651671;,180797006132709;,184756670859275;,165380527221016;,189158218310468;,91919431464603
GP;M;18;U;GT3;T;4;2;health;other;reputation;father;1;2;0;no;yes;yes;yes;yes;yes;yes;yes;5;4;5;1;3;5;10;10;9;10;       1;,682007663207189;,27593038212822;1,65860409320201;,312957397219314;,50889435455135;,562364360813887;-,847542640791022
GP;F;18;R;GT3;T;2;1;other;other;reputation;mother;2;2;0;no;yes;no;no;yes;no;yes;yes;4;3;5;1;2;3;0;6;0;0;       0;,330052493389668;-1,09054947909181;,470467745066935;,444732925423904;-,693406742552527;-,846053994339355;,53779457114117
GP;F;19;U;GT3;T;3;3;other;services;home;other;1;2;2;no;yes;yes;yes;yes;yes;yes;no;4;3;5;3;3;5;15;9;9;9;       0;1,53427605574328;,34572396498067;,117078538049593;,484831944797269;1,09333705618187;,911631428179683;-,628865253076998
GP;F;18;U;GT3;T;2;3;other;services;reputation;father;1;4;0;no;yes;yes;yes;yes;yes;yes;yes;4;5;5;1;3;2;4;15;14;14;       1;1,17909863144757;-,287218748141102;1,07536739759745;1,98060648916664;-,776510600387793;-1,50196184026389;-1,19929016039518
GP;F;18;U;LE3;T;1;1;other;other;home;mother;2;2;0;no;yes;yes;no;no;yes;no;no;4;4;3;1;1;3;2;11;11;11;       1;-,579702437686201;-1,62777346986223;,579714089733731;-,298881239065589;-,629999580630985;-,653938358801775;,368081373458592
GP;M;17;R;GT3;T;1;2;at_home;at_home;home;mother;1;2;0;no;yes;yes;yes;no;yes;no;yes;3;5;2;2;2;1;2;15;14;14;       1;,0592984033364324;-1,24980197539927;-,50023763571718;-,926054528143551;-,895180866841748;-1,74627921353476;-1,12285847874648
GP;F;17;U;GT3;T;2;4;at_home;health;reputation;mother;2;2;0;no;yes;yes;no;yes;yes;yes;yes;4;3;3;1;1;1;2;10;10;10;       1;-,778177126739929;,482420416541164;,0733911456762885;-,213145679399001;-,541345654301367;-1,74028477176674;,968982977986404
GP;F;17;U;LE3;T;2;2;services;other;course;mother;2;2;0;yes;yes;yes;no;yes;yes;yes;yes;4;4;4;2;3;5;6;12;12;12;       1;,890773772343934;-,621256925677866;,486859663223703;,0230873017583889;-,195447589721216;,768861344955221;,425925429038568
GP;F;18;R;GT3;A;3;2;other;services;home;mother;2;2;0;no;no;no;no;no;no;yes;yes;4;1;1;1;1;5;75;10;9;9;       0;-1,67250000621917;-,288757194597562;-,20517071570026;-,00514091033669012;8,74715808460586;1,18803075846873;,867713977195632
GP;M;18;U;GT3;T;4;4;teacher;services;home;mother;2;1;0;no;no;yes;yes;yes;yes;yes;no;3;2;4;1;4;3;22;9;9;9;       0;,449772145637918;1,40438079233809;-1,04288099063169;-,786210053185113;1,96765227298585;-,526537749587764;,893057872725696
GP;F;18;U;GT3;T;4;4;health;health;reputation;father;1;2;1;yes;yes;no;yes;yes;yes;yes;yes;2;4;4;1;1;4;15;9;8;8;       0;,00638116178261829;1,28957629032224;-,893323293765263;-,36580484093647;,38925339221784;-,311161094131312;-1,25478943518627
GP;M;18;U;LE3;T;4;3;teacher;services;course;mother;2;1;0;no;no;yes;yes;yes;yes;yes;no;4;2;3;1;2;1;8;10;11;10;       1;-,698646234477273;,976355994248122;-,333291150400324;-,926724777457115;,591677037397616;-1,71540755951362;1,22811509860625
GP;M;17;U;LE3;A;4;1;services;other;home;mother;2;1;0;no;no;yes;yes;yes;yes;yes;yes;4;5;4;2;4;5;30;8;8;8;       0;1,23749958366251;-,272185214739914;1,11829384404463;-1,31001173387689;2,59183380963348;,428266486629877;,0375952476844455
GP;M;17;U;LE3;A;3;2;teacher;services;home;mother;1;1;1;no;no;no;no;yes;yes;yes;no;4;4;4;3;4;3;19;11;9;10;       1;1,4928320085244;-,237556293341674;,23759077648222;-1,10559253993942;1,56813347927359;-,433937840350434;-,800272062832019
GP;F;18;R;LE3;T;1;1;at_home;other;reputation;mother;2;4;0;no;yes;yes;yes;yes;yes;no;no;5;2;2;1;1;3;1;12;12;12;       1;-1,02954321932721;-1,59173035974134;,41280898928824;2,38331340939523;-,111777424853516;,00682682850204391;1,13671755513993
GP;F;18;U;GT3;T;1;1;other;other;home;mother;2;2;0;yes;no;no;yes;yes;yes;yes;no;5;4;4;1;1;4;4;8;9;10;       1;-,344977931117925;-1,61127937475805;1,67962147174413;,016731722805141;-,277733103466279;-,0621708350912039;,436176747803439
GP;F;17;U;GT3;T;2;2;other;other;course;mother;1;2;0;no;yes;no;no;no;yes;yes;no;5;4;5;1;2;5;4;10;9;11;       1;,335011930444166;-,682348724896005;1,6615399892564;,249311707352199;-,282149290040119;,596578329985311;-,906020936725658
GP;M;17;U;GT3;T;1;1;other;other;reputation;father;1;2;0;no;no;yes;no;no;yes;yes;no;4;3;3;1;2;4;2;12;10;11;       1;-,377504327470589;-1,6948963204891;-,057324102272783;,0429149516082414;-,296858561370796;,324192008084009;-,750633466442075
GP;F;18;U;GT3;T;2;2;at_home;at_home;other;mother;1;3;0;no;yes;yes;no;yes;yes;yes;no;4;3;3;1;2;2;5;18;18;19;       1;-,258991356178336;-,711460437646431;-,0400322662771898;1,05413877637592;,00135683342239666;-,994415766056898;-,603564323453778
GP;F;17;U;GT3;T;1;1;services;teacher;reputation;mother;1;3;0;no;yes;yes;no;yes;yes;yes;no;4;3;3;1;1;3;6;13;12;12;       1;-,571109547901605;-1,72067694908301;,106599336620186;1,08080343409307;,109478614569526;-,40504902556656;-,784723248674951
GP;M;18;U;GT3;T;2;1;services;services;reputation;mother;1;3;0;no;no;yes;yes;yes;yes;yes;no;4;2;4;1;3;2;6;15;14;14;       1;,307105138667947;-1,21869208627651;-,318414364320833;1,61531218686241;,395467602906702;-1,02524220371134;-,490666633880442
GP;M;18;U;LE3;A;4;4;teacher;teacher;reputation;mother;1;2;0;no;yes;yes;yes;yes;yes;yes;no;5;4;3;1;1;2;9;15;13;15;       1;-,752265610088683;1,3504236383933;1,35613001831266;-,34574279207573;,350618010995436;-1,11903488716047;-,457700547148943
GP;M;18;U;GT3;T;4;2;teacher;other;home;mother;1;2;0;no;yes;yes;yes;yes;yes;yes;yes;4;3;2;1;4;5;11;12;11;11;       1;-,0487664448399956;,256873658592748;-,344944359966599;-,0661590310675644;,888661703247361;1,22575766210459;-,52798888103661
GP;F;17;U;GT3;T;4;3;health;services;reputation;mother;1;3;0;no;yes;yes;no;yes;yes;yes;no;4;2;2;1;2;3;0;15;15;15;       1;-,734938681930835;,869787645012928;-,696928435426119;1,18484268572627;-,328023021537311;,0116383182577304;-,103669267874569
GP;F;18;U;LE3;T;2;1;services;at_home;reputation;mother;1;2;1;no;no;no;no;yes;yes;yes;yes;5;4;3;1;1;5;12;12;12;13;       1;-,685240222743742;-1,23303109885811;1,47428244937628;-,151218522913854;,81113097488609;,816895809909609;-,897356555283226
GP;F;17;R;LE3;T;3;1;services;other;reputation;mother;2;4;0;no;yes;yes;no;yes;yes;no;no;3;1;2;1;1;3;6;18;18;18;       1;-,892096751117702;-,60639256701702;-1,60709475924821;2,5248916566919;,372278664658634;-,168702306753893;1,0393747119914
GP;M;18;R;LE3;T;3;2;services;other;reputation;mother;2;3;0;no;yes;yes;yes;yes;yes;yes;no;5;4;2;1;1;4;8;14;13;14;       1;-,900874577185608;-,136540001368163;1,33416007070613;,717410780061397;,253635566592331;,305300922776819;,710789630433719
GP;M;17;U;GT3;T;3;3;health;other;home;mother;1;1;0;no;yes;yes;no;yes;yes;yes;no;4;4;3;1;3;5;4;14;12;11;       1;-,0675416304607555;,324284458691046;,248448033895936;-1,34827232984566;-,315430527150518;,911635015897183;-,78348527157605
GP;F;19;U;GT3;T;4;4;health;other;reputation;other;2;2;0;no;yes;yes;yes;yes;yes;yes;no;2;3;4;2;3;2;0;10;9;0;       0;,962820322190655;1,452120355408;-1,75718545017761;-,00556936788692012;-1,09500153938289;-1,28473971796699;,668229906437812
GP;F;18;U;LE3;T;4;3;other;other;home;other;2;2;0;no;yes;yes;no;yes;yes;yes;yes;4;4;5;1;2;2;10;10;8;8;       0;,434989903403943;,883917622312523;,972863778982932;,0465164167446312;,180749746531307;-1,68110962815611;,477135240031755
GP;F;18;U;GT3;T;4;3;other;other;reputation;father;1;4;0;no;yes;yes;no;yes;yes;yes;no;4;3;3;1;1;3;0;14;13;14;       1;-,430578129079024;,832084972722682;,0606232652481559;2,18472783904948;-,702744415584633;-,358034306107892;-,485060733241051
GP;M;18;U;LE3;T;4;4;teacher;teacher;home;mother;1;1;0;no;yes;yes;no;yes;yes;yes;yes;1;4;2;2;2;1;5;16;15;16;       1;,0219121053547151;1,32244799495179;-2,59596973375804;-1,96944400994466;-,713352910595295;-1,87873237222466;-,991807110672205
GP;F;18;U;LE3;A;4;4;health;other;home;mother;1;2;0;no;yes;no;no;yes;yes;yes;yes;4;2;4;1;1;4;14;12;10;11;       1;-,5189403512038;1,39847312261459;-,0307791649718792;,380650926555674;1,12370479196779;,206632536006669;-,329890924022523
GP;M;17;U;LE3;T;4;4;other;teacher;home;father;2;1;0;no;no;yes;no;yes;yes;yes;no;4;1;1;2;2;5;0;11;11;10;       1;-1,06734158377014;1,59357063652822;-1,37880615250398;-,904367857070212;-,099708161165586;1,72108003624048;1,72556953455236
GP;F;17;U;GT3;T;4;2;other;other;reputation;mother;2;3;0;no;yes;yes;no;yes;yes;yes;no;4;3;3;1;1;3;0;15;12;14;       1;-,557332582954237;,418993618756125;,193110471203536;1,12801827642039;-,671167869577229;-,53119906003055;,820216564429418
GP;F;17;U;GT3;T;3;2;health;health;reputation;father;1;4;0;no;yes;yes;yes;no;yes;yes;no;5;2;2;1;2;5;0;17;17;18;       1;-,682702722293743;-,160867325244135;,206563851961487;2,47821834230802;-,164861388002954;1,4951227385214;-,11065880850359
GP;M;19;U;GT3;T;3;3;other;other;home;other;1;2;1;no;yes;no;yes;yes;yes;yes;yes;4;4;4;1;1;3;20;15;14;13;       1;-,25298259510347;,271847065224345;,862777029078579;-,209216863719902;1,42146168463359;-,800687722468016;-,972786756655294
GP;F;18;U;GT3;T;2;4;services;at_home;reputation;other;1;2;1;no;yes;yes;yes;yes;yes;yes;no;4;4;3;1;1;3;8;14;12;12;       1;-,628495224120785;,340190335767177;,463714910683051;-,4512767504127;-,0209127555627025;-,470556336797215;-,766712110654824
GP;M;20;U;GT3;A;3;2;services;other;course;other;1;1;0;no;no;no;yes;yes;yes;no;no;5;5;3;1;1;5;0;17;18;18;       1;-,708181737495366;-,168818717332129;1,7266775239748;-1,53618169954554;-,837349726881512;,701659129146314;-,932310379834475
GP;M;19;U;GT3;T;4;4;teacher;services;reputation;other;2;1;1;no;yes;yes;no;yes;yes;yes;yes;4;3;4;1;1;4;38;8;9;8;       0;-,530033900403403;1,37923756096173;,765442905573553;-1,08351445367747;3,68434686196212;-,157262276923046;,620227306280903
GP;M;19;R;GT3;T;3;3;other;services;reputation;father;1;2;1;no;no;no;yes;yes;yes;no;yes;4;5;3;1;2;5;0;15;12;12;       1;-,114968304356584;,297069500585849;,748715140718559;-,536002921011778;-1,10055397086032;,74631095622347;-1,05348406484651
GP;F;19;U;LE3;T;1;1;at_home;other;reputation;other;1;2;1;yes;yes;no;yes;no;yes;yes;no;4;4;3;1;3;3;18;12;10;10;       1;,0762508050338721;-1,81706006176805;,414790920804553;-,29135185252097;1,40793043042093;-,495077473064849;-1,06865267212137
GP;F;19;U;LE3;T;1;2;services;services;home;other;1;2;1;no;no;no;yes;no;yes;no;yes;4;2;4;2;2;3;0;9;9;0;       0;,254383711542109;-1,09968095729094;-,467511251879551;,48197692776699;-,389478605439885;-,211863327560951;-,367736973083169
GP;F;19;U;GT3;T;2;1;at_home;other;other;other;3;2;0;no;yes;no;no;yes;no;yes;yes;3;4;1;1;1;2;20;14;12;13;       1;-1,15420548913582;-1,14171323016059;-,35845289740294;-,845258139050936;1,38232297873347;-1,2657274481803;1,64123540781533
GP;M;19;U;GT3;T;1;2;other;services;course;other;1;2;1;no;no;no;no;no;yes;yes;no;4;5;2;2;2;4;3;13;11;11;       1;-,0359065856268812;-1,22900869094662;,403919252295477;-,741410740549577;-,629623178716587;,391171366660738;-1,03556174161088
GP;F;19;U;LE3;T;3;2;services;other;reputation;other;2;2;1;no;yes;yes;no;no;yes;yes;yes;4;2;2;1;2;1;22;13;10;11;       1;-,893626559150861;-,137785709240852;-,358531221555143;-,0300858097739315;2,30330072920257;-1,56623633366609;1,07244684339119
GP;F;19;U;GT3;T;1;1;at_home;health;home;other;1;3;2;no;no;no;no;no;yes;yes;yes;4;1;2;1;1;3;14;15;13;13;       1;-1,19277097164982;-1,68547434049356;-,842615322594839;1,42219258388683;1,58066099853152;,0415514528882829;-,243032265851513
GP;F;19;R;GT3;T;2;3;other;other;reputation;other;1;3;1;no;no;no;no;yes;yes;yes;yes;4;1;2;1;1;3;40;13;11;11;       1;-1,22044388378701;-,236332644628574;-,578375690007862;1,26501271860858;4,53618307239037;,00268470188990633;-,236550396774239
GP;F;18;U;GT3;T;2;1;services;other;course;mother;2;2;0;no;yes;yes;yes;yes;yes;yes;no;5;3;3;1;2;1;0;8;8;0;       0;-,524666261448962;-1,09138145748719;,873543627983031;,0687798609156684;-,348895453690909;-1,7127989233701;,973392329962842
GP;F;18;U;GT3;T;4;3;other;other;course;mother;1;3;0;no;yes;yes;yes;yes;yes;yes;yes;4;3;4;1;1;5;9;9;10;9;       0;-,206772303114015;,83303024309821;,385560388396492;1,31068724663775;,30944382885642;,737674191742105;-,683896363743383
GP;F;17;R;GT3;T;3;4;at_home;services;course;father;1;3;0;no;yes;yes;yes;no;yes;yes;no;4;3;4;2;5;5;0;11;11;10;       1;1,53860021819593;,841592334851669;-,365963781902179;1,41313491898967;-,668091000372836;1,26484047097328;-,417508358172023
GP;F;18;U;GT3;T;4;4;teacher;other;course;mother;1;2;0;no;yes;yes;no;yes;yes;yes;no;4;4;4;3;3;5;2;11;11;11;       1;1,30893989991859;1,38277772256711;,163768324609379;,0154700902408647;-,654331439190483;1,02148404855682;-,593368754972285
GP;F;17;U;GT3;A;4;3;services;services;course;mother;1;2;0;no;yes;yes;no;yes;yes;yes;yes;5;2;2;1;2;5;23;13;13;13;       1;-,992831817694518;,825189937753048;,430680093701845;,157991166739583;2,58780188834949;1,34883644425447;-,121162718914062
GP;F;17;U;GT3;T;2;2;other;other;course;mother;1;2;0;no;yes;no;no;yes;yes;no;yes;4;2;2;1;1;3;12;11;9;9;       0;-1,21660557904966;-,66131161642245;-,47482477748493;,00705772615711718;1,11079467719065;-,114758613480191;-,350374087484947
GP;F;17;R;LE3;T;2;2;services;services;course;mother;1;3;0;no;yes;yes;yes;yes;yes;yes;no;3;3;2;2;2;3;3;11;11;11;       1;-,0299642587633289;-,70029114479613;-1,25418202677412;,840249020696826;-,359237877550643;-,111435373806284;-,662251728720172
GP;F;17;U;GT3;T;3;1;services;services;course;father;1;3;0;no;yes;no;no;no;yes;yes;no;3;4;3;2;3;5;1;12;14;15;       1;,835171269218869;-,761909625653481;-,688818108784683;,937104258367465;-,792754167100434;,892868677401455;-1,07489395442432
GP;F;17;U;LE3;T;0;2;at_home;at_home;home;father;2;3;0;no;no;no;no;yes;yes;yes;no;3;3;3;2;3;2;0;16;15;15;       1;,633854193365666;-1,61789449238623;-1,1264521530387;,996432644652313;-,844206206488433;-,902684476003595;,615851160995785
GP;M;18;U;GT3;T;4;4;other;other;course;mother;1;3;0;no;no;no;yes;yes;yes;yes;no;4;3;3;2;2;3;3;9;12;11;       1;,176368126085726;1,37511688233335;-,205555490449908;1,07645694700628;-,313528579257977;-,159665432941679;-,309368135373101
GP;M;17;U;GT3;T;3;3;other;services;reputation;mother;1;1;0;no;no;no;yes;no;yes;yes;no;4;3;5;3;5;5;3;14;15;16;       1;2,04937858812312;,381847271862435;-,266881321981891;-,532305851381142;-,203262052434672;1,0659490943784;-,480481529913157
GP;M;17;R;GT3;T;2;2;services;other;course;mother;4;1;0;no;yes;no;no;yes;yes;yes;no;4;4;5;5;5;4;8;11;10;10;       1;3,08320373166384;-,397794295920526;,280711208622111;-,755138711157736;,0230458925064199;,191231138374123;3,39182542908829
GP;F;17;U;GT3;T;4;4;teacher;services;course;mother;1;3;0;no;yes;yes;yes;yes;yes;yes;no;5;4;4;1;3;4;7;10;9;9;       0;,435534979398455;1,30659292724074;1,35952882245915;1,09686736390636;,0569584106517452;,226072194717961;-,573069105141877
GP;F;17;U;GT3;T;4;4;teacher;teacher;course;mother;2;3;0;no;yes;yes;no;no;yes;yes;yes;4;3;3;1;2;4;4;14;14;14;       1;-,247975154932811;1,43982750425904;,0816309141275803;1,0733843656143;-,308954400208506;,305478126645846;,931478157167573
GP;M;18;U;LE3;T;2;2;other;other;course;mother;1;4;0;no;yes;no;yes;yes;yes;yes;no;4;5;5;2;4;5;2;9;8;8;       0;2,00253426668129;-,793778315852318;,865657918605525;2,20311377471628;-,93183779164037;,673259129666961;-1,26665003805891
GP;F;17;R;GT3;T;2;4;at_home;other;course;father;1;3;0;no;yes;no;no;yes;yes;yes;yes;4;4;3;1;1;5;7;12;14;14;       1;-,456619742376412;,324390233024427;,496051486991904;,72970706313309;-,21103530518075;,920270261367957;-,849174171442636
GP;F;18;U;GT3;T;3;3;services;services;home;mother;1;2;0;no;no;no;yes;yes;yes;yes;no;5;3;4;1;1;4;0;7;0;0;       0;-,5028389914274;,407305499607457;1,08248565532831;,255694835438315;-,524556184076096;,21513044826836;-,404418361853472
GP;F;18;U;LE3;T;2;2;other;other;home;other;1;2;0;no;no;no;yes;no;yes;yes;yes;4;3;3;1;1;2;0;8;8;0;       0;-,740050990658773;-,647020306554772;-,000428350813226439;-,0725063326680603;-,583264343633297;-1,07598800318568;-,569290462772183
GP;F;18;R;GT3;T;2;2;at_home;other;course;mother;2;4;0;no;no;no;yes;yes;yes;no;no;4;4;4;1;1;4;0;10;9;0;       0;,074250545721895;-,635672491783525;,807768448830965;2,13792852588661;-1,06934171688728;-,07638113724799;,343968726138489
GP;F;17;U;GT3;T;3;4;services;other;course;mother;1;3;0;no;no;no;no;yes;yes;yes;no;4;4;5;1;3;5;16;16;15;15;       1;,918399697033285;,762388497443266;,814680159496997;1,18698930131337;,82609380772353;,606250091221395;-,996523635988574
GP;F;19;R;GT3;A;3;1;services;at_home;home;other;1;3;1;no;no;yes;no;yes;yes;no;no;5;4;3;1;2;5;12;14;13;13;       1;-,195891081430974;-,77690001973571;1,39802536716559;1,01665558659261;,829540447439824;,879696682036174;-,855053914419207
GP;F;17;U;GT3;T;3;2;other;other;home;mother;1;2;0;no;yes;yes;no;yes;yes;yes;yes;4;3;2;2;3;2;0;7;8;0;       0;,0209647856863093;-,167736781262657;-,560192655896694;-,151097700635495;-,402194245891691;-,668193086451453;-,324295430895624
GP;F;18;U;LE3;T;3;3;services;services;home;mother;1;4;0;no;yes;no;no;yes;yes;yes;no;5;3;3;1;1;1;7;16;15;17;       1;-,589476081665775;,313736150216073;,94568422030745;2,16088027171622;,321614048847868;-1,59006096815713;-,305392021907732
GP;F;17;R;GT3;A;3;2;other;other;home;mother;1;2;0;no;yes;yes;no;yes;yes;yes;no;4;3;3;2;3;2;4;9;10;10;       1;,372752012433949;-,178224495447706;-,302908062045043;,0365180438538282;,00820780377078989;-,872541651143362;-,43568810299165
GP;F;19;U;GT3;T;2;1;services;services;home;other;1;3;1;no;no;yes;yes;yes;yes;yes;yes;4;3;4;1;3;3;4;11;12;11;       1;,452747829614204;-1,24415621026071;,0871665859156544;1,37159010455265;-,0888243884873852;-,485969261097587;-,770008443167334
GP;M;18;U;GT3;T;4;4;teacher;services;home;father;1;2;1;no;yes;no;yes;yes;yes;yes;no;4;3;3;2;2;2;0;10;10;0;       0;,0159127109058964;1,40985003425799;-,270592525613072;-,0596091568293138;-,609797308563163;-,857234423127492;-,233188330842726
GP;M;18;U;LE3;T;3;4;services;other;home;mother;1;2;0;no;no;no;yes;yes;yes;yes;yes;4;3;3;1;3;5;11;16;15;15;       1;-,0695044406368531;,833367711140147;-,0974333667009104;-,0269568070883331;,634867669153078;1,11533244103816;-,517646786992753
GP;F;17;U;GT3;A;2;2;at_home;at_home;home;father;1;2;1;no;yes;no;no;yes;yes;yes;yes;3;3;1;1;2;4;0;9;8;0;       0;-,962064423712339;-,687100784823093;-1,36227217169687;-,465828557174983;-,645916777549452;,611479945445706;-,653992240366343
GP;F;18;U;GT3;T;2;3;at_home;other;course;mother;1;3;0;no;yes;no;no;yes;yes;yes;no;4;3;3;1;2;3;4;11;10;10;       1;-,264436133288283;-,178180073820489;-,0665306636038822;1,03756665458829;-,197435531853841;-,259864119069147;-,554408899592653
GP;F;18;U;GT3;T;3;2;other;services;other;mother;1;3;0;no;no;no;no;yes;yes;yes;yes;5;4;3;2;3;1;7;13;13;14;       1;,517178843300357;-,239112569849046;1,00265998231693;,913394461237894;,293276828364972;-1,56332599913254;-,499727048839672
GP;M;18;R;GT3;T;4;3;teacher;services;course;mother;1;3;0;no;no;no;no;yes;yes;yes;yes;5;3;2;1;2;4;9;16;15;16;       1;-,718582561111879;,816327589426676;,687831685283676;,997045598099487;,676693635878116;,616803694249941;-,262389971837117
GP;M;18;U;GT3;T;4;3;teacher;other;course;mother;1;3;0;no;yes;yes;no;yes;yes;yes;yes;5;4;5;2;3;5;0;10;10;9;       0;1,25759029841719;,838547826130069;1,3905948705373;1,43898445369259;-,756512664729944;,8112079617257;-,637343635521953
GP;F;17;U;GT3;T;4;3;health;other;reputation;mother;1;3;0;no;yes;yes;yes;yes;yes;yes;yes;4;4;3;1;3;4;0;13;15;15;       1;,22891676453957;,786674635183427;,243798014169104;,88162760702406;-,833575382997844;,278053562857321;-,71736201527916
MS;M;18;R;GT3;T;3;2;other;other;course;mother;2;1;1;no;yes;no;no;no;yes;yes;no;2;5;5;5;5;5;10;11;13;13;       1;3,48032219505997;-,146128118648332;-1,1930559722276;-1,16925535596786;-,198212696597976;,625592248057949;-,00299573345300282
MS;M;19;R;GT3;T;1;1;other;services;home;other;3;2;3;no;no;no;no;yes;yes;yes;no;5;4;4;3;3;2;8;8;7;8;       0;1,18579154114263;-1,53937988495707;1,30905518710492;,0730606776177376;,265318518884325;-1,13846747133469;2,04295982061743
MS;M;17;U;GT3;T;3;3;health;other;course;mother;2;2;0;no;yes;yes;no;yes;yes;yes;no;4;5;4;2;3;3;2;13;13;13;       1;,994652637932259;,379457916596209;,821616320190343;-,339442723399683;-,913515791712643;-,699827799636713;,384310166686786
MS;M;18;U;LE3;T;1;3;at_home;services;course;mother;1;1;1;no;no;no;no;yes;no;yes;yes;4;3;3;2;3;3;7;8;7;8;       0;,201603563779233;-,636425316688835;-,342298072844615;-1,15667764109398;,277040277312723;-,108865994918156;-,477026933657033
MS;M;19;R;GT3;T;1;1;other;other;home;other;3;1;1;no;yes;no;no;yes;yes;yes;no;4;4;4;3;3;5;4;8;8;8;       0;1,19798092146291;-1,50504771408548;,434065369380817;-1,01770595291491;-,401126585813814;,764310734445012;1,78518070238003
MS;M;17;R;GT3;T;4;3;services;other;home;mother;2;2;0;no;yes;yes;yes;no;yes;yes;yes;4;5;5;1;3;2;4;13;11;11;       1;,901772669239738;,852776313634223;1,20456649628546;-,188523651697928;-,72235842536831;-1,73318940723629;,283132172842954
MS;F;18;U;GT3;T;3;3;services;services;course;father;1;2;0;no;yes;no;no;yes;yes;no;yes;5;3;4;1;1;5;0;10;9;9;       0;-,491776161922143;,410218685807401;1,09594338467856;,288543872709304;-,539501710828637;,891958702005648;-,439655816943783
MS;F;17;R;GT3;T;4;4;teacher;services;other;father;2;2;0;no;yes;yes;yes;yes;yes;yes;no;4;3;3;1;2;5;4;12;13;13;       1;-,386572838896591;1,46837213134711;,0781279788183253;-,00603516800872041;-,281529868890757;,949243628253055;,915466652392669
MS;F;17;U;LE3;A;3;2;services;other;reputation;mother;2;2;0;no;no;no;no;yes;yes;no;yes;1;2;3;1;2;5;2;12;12;11;       1;-,110532087383683;-,0886775755293682;-2,88109729826218;,09399658676218;-,752352332189601;,702084769411103;,393091837586928
MS;M;18;U;LE3;T;1;1;other;services;home;father;2;1;0;no;no;no;no;no;yes;yes;yes;3;3;2;1;2;3;4;10;10;10;       1;-,755937440853392;-1,61413942066127;-1,00700266974905;-1,39391457249921;-,212088140838431;-,403553569101346;,53474733729389
MS;F;18;U;LE3;T;1;1;at_home;services;course;father;2;3;0;no;no;no;no;yes;yes;yes;no;5;3;2;1;1;4;0;18;16;16;       1;-1,03365035111481;-1,5955680085829;,812968821916365;1,02430558808165;-,43583792013464;,508929680425196;,869362896460225
MS;F;18;R;LE3;A;1;4;at_home;other;course;mother;3;2;0;no;no;no;no;yes;yes;no;yes;4;3;4;1;4;5;0;13;13;13;       1;,612400458829769;,0383566927397145;,0724691509647303;,189333880113066;-,884716603422547;,947284353959642;2,14633447189692
MS;M;18;R;LE3;T;1;1;at_home;other;other;mother;2;2;1;no;no;no;yes;no;no;no;no;4;4;3;2;3;5;2;13;12;12;       1;,547740500968099;-1,63767780485995;,236947080488884;-,138233275475986;-,562959724614079;,958901912761988;,419781518886856
MS;F;18;U;GT3;T;3;3;services;services;other;mother;2;2;0;no;yes;no;no;yes;yes;yes;yes;4;3;2;1;3;3;0;11;11;10;       1;-,419886101947432;,427341018289036;-,312962377996144;-,20359144108609;-,581466905365917;-,145326133613464;1,00094374059648
MS;F;17;U;LE3;T;4;4;at_home;at_home;course;mother;1;2;0;no;yes;yes;yes;yes;yes;yes;yes;2;3;4;1;1;1;0;16;15;15;       1;-,159868930672185;1,37729845957984;-1,5219920025716;-,136488975302033;-1,10020800960843;-2,13426578869083;-,781913120679041
MS;F;17;R;GT3;T;1;2;other;services;course;father;2;2;0;no;no;no;no;no;yes;no;no;3;2;2;1;2;3;0;12;11;12;       1;-,756917849116452;-1,06100154501181;-1,47981908790842;-,0394102005340525;-,558265763004237;-,154675419794676;,88021261866759
MS;M;18;R;GT3;T;1;3;at_home;other;course;mother;2;2;0;no;yes;yes;no;yes;yes;no;no;3;3;4;2;4;3;4;10;10;10;       1;1,17013544811323;-,591712847592179;-,994304820992292;,107796066962649;-,411585495365201;-,379913364401863;,6271296545475
MS;M;18;U;LE3;T;4;4;teacher;services;other;mother;2;3;0;no;no;yes;no;yes;yes;yes;yes;4;2;2;2;2;5;0;13;13;13;       1;-,281474850113781;1,51145266187375;-,718556102549367;1,23724824584599;-,479115568370579;1,45351634180623;1,34609820704538
MS;F;17;R;GT3;T;1;1;other;services;reputation;mother;3;1;1;no;yes;yes;no;yes;yes;yes;yes;5;2;1;1;2;1;0;7;6;0;       0;-1,51455076223763;-1,45333403697854;,119114559520934;-1,18327456685203;-,0506888003033128;-1,27143115565376;2,73889810401133
MS;F;18;U;GT3;T;2;3;at_home;services;course;father;2;1;0;no;yes;yes;no;yes;yes;yes;yes;5;2;3;1;2;4;0;11;10;10;       1;-,808733361073636;,0321012074369094;,42492067713415;-,767212796701864;-,24970918828409;,537625183336152;1,29979602710677
MS;F;18;R;GT3;T;4;4;other;teacher;other;father;3;2;0;no;yes;yes;no;no;yes;yes;yes;3;2;2;4;2;5;10;14;12;11;       1;,585836745642565;1,61228920184371;-1,63364983299322;,0808650943589545;,515682766635917;1,4240039163974;2,61565944328028
MS;F;19;U;LE3;T;3;2;services;services;home;other;2;2;2;no;no;no;yes;yes;yes;no;yes;3;2;2;1;1;3;4;7;7;9;       0;-1,0734348324948;-,0571447835444094;-1,27730944730677;-,0286549318452966;-,0783130843233542;-,318767067447643;,910876337668852
MS;M;18;R;LE3;T;1;2;at_home;services;other;father;3;1;0;no;yes;yes;yes;yes;no;yes;yes;4;3;3;2;3;3;3;14;12;12;       1;,23117600414614;-,971488831535739;-,117977099445207;-1,08592927929334;-,281977899464766;-,319024589571297;2,20118503912918
MS;F;17;U;GT3;T;2;2;other;at_home;home;mother;1;3;0;no;no;no;yes;yes;yes;no;yes;3;4;3;1;1;3;8;13;11;11;       1;-,317336710677432;-,754224220480278;-,314735418316631;,676754630927345;-,123844843011059;-,655798851591185;-1,14049412157141
MS;F;17;R;GT3;T;1;2;other;other;course;mother;1;1;0;no;no;no;yes;yes;yes;yes;no;3;5;5;1;3;1;14;6;5;5;       0;,855219292473053;-1,29625455409699;,281551002986137;-1,48203861852027;,394516565431855;-2,44443289042589;-1,49654733580332
MS;F;18;R;LE3;T;4;4;other;other;reputation;mother;2;3;0;no;no;no;no;yes;yes;yes;no;5;4;4;1;1;1;0;19;18;19;       1;-,254410535220785;1,45109526883735;1,58793472679784;,963636352560553;-,87538207775849;-2,00023949927549;,904228108335053
MS;F;18;R;GT3;T;1;1;other;other;home;mother;4;3;0;no;no;no;no;yes;yes;yes;no;4;3;2;1;2;4;2;8;8;10;       1;-,561060846667087;-1,46314165909663;,111604029706868;,964861148863216;-,508521654564608;,285716129356025;3,4021943363005
MS;F;20;U;GT3;T;4;2;health;other;course;other;2;3;2;no;yes;yes;no;no;yes;yes;yes;5;4;3;1;1;3;4;15;14;15;       1;-,55159274531643;,382645205697364;1,50671512730739;,92245799207163;-,240812875622624;-,582325244973038;,732927314098274
MS;F;18;R;LE3;T;4;4;teacher;services;course;mother;1;2;0;no;no;yes;yes;yes;yes;yes;no;5;4;3;3;4;2;4;8;9;10;       1;1,12696982818749;1,35777091380162;,673329662545445;-,170219552130447;-,0825114050865689;-,649176843980791;-,198302525564984
MS;F;18;U;GT3;T;3;3;other;other;home;mother;1;2;0;no;no;yes;no;yes;yes;yes;yes;4;1;3;1;2;1;0;15;15;15;       1;-,696824594023039;,430965722486562;-,965925036636502;,463022753105703;-,106277509625353;-1,37792210574738;,121793569966806
MS;F;17;R;GT3;T;3;1;at_home;other;reputation;mother;1;2;0;no;yes;yes;yes;no;yes;yes;no;4;5;4;2;3;1;17;10;10;10;       1;,998072027995676;-,826806782772834;,90359593551945;-,348642346348358;1,09304654593849;-2,13584054779631;-1,17131050384058
MS;M;18;U;GT3;T;4;4;teacher;teacher;home;father;1;2;0;no;no;yes;yes;no;yes;yes;no;3;2;4;1;4;2;4;15;14;14;       1;,583668252654691;1,36028613164296;-1,36812119323202;,344397825317861;-,104499230556106;-1,00988521000302;-,323837654349745
MS;M;18;R;GT3;T;2;1;other;other;other;mother;2;1;0;no;no;no;yes;no;yes;yes;yes;4;4;3;1;3;5;5;7;6;7;       0;-,0359709247599496;-1,14535189527626;,416807462678788;-1,26943532243559;-,165472686401114;,753117678658943;,377790693823054
MS;M;17;U;GT3;T;2;3;other;services;home;father;2;2;0;no;no;no;yes;yes;yes;yes;no;4;4;3;1;1;3;2;11;11;10;       1;-,605053308938032;-,0745026646145828;,543925498991099;-,37761473348896;-,738874895881627;-,586014307226687;,562772034949547
MS;M;19;R;GT3;T;1;1;other;services;other;mother;2;1;1;no;no;no;no;yes;yes;no;no;4;3;2;1;3;5;0;6;5;0;       0;-,529913045662347;-1,59501835515722;-,288263561721488;-1,19757160292823;-,483208071261473;1,14665162796075;,714621616235794
MS;M;18;R;GT3;T;4;2;other;other;home;father;2;1;1;no;no;yes;no;yes;yes;no;no;5;4;3;4;3;3;14;6;5;5;       0;1,1367623046866;,421801753730316;,936191126180395;-1,16525067846747;1,16259816986018;-,188157553775965;,980932031773941
MS;F;18;R;GT3;T;2;2;at_home;other;other;mother;2;3;0;no;no;yes;no;yes;yes;no;no;5;3;3;1;3;4;2;10;9;10;       1;-,0267471265383145;-,608704920862045;,81127767979059;1,2505852589336;-,228680571501883;,465196145342044;,932276582378186
MS;F;18;R;GT3;T;4;4;teacher;at_home;reputation;mother;3;1;0;no;yes;yes;yes;yes;yes;yes;yes;4;4;3;2;2;5;7;6;5;6;       0;,0458350514378304;1,55507786590407;,49086172410282;-1,37081488628634;-,174415178095808;,792694333580825;2,09748255582776
MS;F;19;R;GT3;T;2;3;services;other;course;mother;1;3;1;no;no;no;yes;no;yes;yes;no;5;4;2;1;2;5;0;7;5;0;       0;-,588000626328315;-,182194537312367;,970546669144258;,722157372731393;-,678819393237493;1,26344412239692;-,57182518917552
MS;F;18;U;LE3;T;3;1;teacher;services;course;mother;1;2;0;no;yes;yes;no;yes;yes;yes;no;4;3;4;1;1;1;0;7;9;8;       0;-,374529479968855;-,670217174351704;,24670147361839;,172910534071384;-,540281633196537;-2,03365957986755;-,65326205718372
MS;F;18;U;GT3;T;1;1;other;other;course;mother;2;2;1;no;no;no;yes;yes;yes;no;no;1;1;1;1;1;5;0;6;5;0;       0;-1,27997831185117;-1,56401581333473;-3,64104176066015;-,0460428264324348;-,650253830556732;1,18786173879476;,65196116371552
MS;M;20;U;LE3;A;2;2;services;services;course;other;1;2;2;no;yes;yes;no;yes;yes;no;no;5;5;4;4;5;4;11;9;9;9;       0;2,42599555211442;-,746056599550904;1,16667454090701;-,0904848483703756;,562987010791253;,503560687393361;-,7945126576408
MS;M;17;U;LE3;T;3;1;services;services;course;mother;2;1;0;no;no;no;no;no;yes;yes;no;2;4;5;3;4;2;3;14;16;16;       1;2,11485698708557;-,641698056868226;-1,30441373524583;-1,01315115004173;-,759606877907957;-1,59521620445017;,153904257452204
MS;M;21;R;GT3;T;1;1;other;other;course;other;1;1;3;no;no;no;no;no;yes;no;no;5;5;3;3;3;3;3;10;8;7;       0;,817278895179791;-1,70800865366525;1,20986784390323;-1,47980425037816;-,315586200971458;-,259044160514355;-,839413019162806
MS;M;18;R;LE3;T;3;2;services;other;course;mother;3;1;0;no;no;no;no;no;yes;yes;no;4;4;1;3;4;5;0;11;12;10;       1;,472839439573346;,00304681588342692;-,346061793752051;-1,57538015990379;-,671551614605466;1,38854383691823;2,24051349442952
MS;M;19;U;LE3;T;1;1;other;at_home;course;father;1;1;0;no;no;no;no;yes;yes;yes;no;3;2;3;3;3;5;5;8;9;9;       0;,692630543355119;-1,63314787092759;-1,69023285408112;-,750551832436339;,206050726597178;1,30156131948459;-,549115472150308
